/*
SQLyog Community v13.1.9 (64 bit)
MySQL - 5.7.25 : Database - AdminPanel
*********************************************************************
*/

/*!40101 SET NAMES utf8 */;

/*!40101 SET SQL_MODE=''*/;

/*!40014 SET @OLD_UNIQUE_CHECKS=@@UNIQUE_CHECKS, UNIQUE_CHECKS=0 */;
/*!40014 SET @OLD_FOREIGN_KEY_CHECKS=@@FOREIGN_KEY_CHECKS, FOREIGN_KEY_CHECKS=0 */;
/*!40101 SET @OLD_SQL_MODE=@@SQL_MODE, SQL_MODE='NO_AUTO_VALUE_ON_ZERO' */;
/*!40111 SET @OLD_SQL_NOTES=@@SQL_NOTES, SQL_NOTES=0 */;
CREATE DATABASE /*!32312 IF NOT EXISTS*/`AdminPanel` /*!40100 DEFAULT CHARACTER SET utf8mb4 */;

USE `AdminPanel`;

/*Table structure for table `admin_roles` */

DROP TABLE IF EXISTS `admin_roles`;

CREATE TABLE `admin_roles` (
  `role_id` int(11) NOT NULL AUTO_INCREMENT,
  `role_name` varchar(500) NOT NULL,
  `organization_id` int(11) DEFAULT NULL,
  `created_by` int(11) NOT NULL,
  `created_at` datetime DEFAULT NULL,
  `updated_at` datetime DEFAULT NULL,
  `isCompanySuperAdmin` tinyint(1) DEFAULT '0',
  PRIMARY KEY (`role_id`)
) ENGINE=InnoDB AUTO_INCREMENT=20 DEFAULT CHARSET=latin1;

/*Data for the table `admin_roles` */

insert  into `admin_roles`(`role_id`,`role_name`,`organization_id`,`created_by`,`created_at`,`updated_at`,`isCompanySuperAdmin`) values 
(1,'Super Admin',0,1,'2019-01-21 12:31:21','2019-01-21 12:31:21',1),
(7,'Developer',0,3,'2019-03-12 12:59:09',NULL,1),
(9,'business',NULL,3,'2019-03-13 15:59:55',NULL,NULL),
(10,'quiz Report',NULL,3,'2019-04-03 20:25:15',NULL,NULL),
(11,'Telenor_Business',3,7,'2019-04-24 11:11:11',NULL,NULL),
(12,'Only Report',NULL,3,'2019-05-13 16:39:29',NULL,NULL),
(13,'Himalayan Super Admin',4,3,'2019-07-09 15:51:51',NULL,1),
(14,'Trivia Quiz Super Admin',6,3,'2019-06-17 12:00:57',NULL,NULL),
(15,'Himalayan Data Analyst',4,3,'2019-07-09 15:51:06',NULL,0),
(16,'Himalayan Content Uploader',4,3,'2019-07-09 15:54:16',NULL,0),
(17,'test ew',NULL,17,'2019-07-09 18:42:24',NULL,NULL),
(18,'Bkash Referral Campaign Admin',7,7,'2019-08-07 13:59:12',NULL,1),
(19,'Mizzima Super Admin',8,3,'2019-11-14 13:16:08',NULL,1);

/*Table structure for table `admin_users` */

DROP TABLE IF EXISTS `admin_users`;

CREATE TABLE `admin_users` (
  `user_id` int(11) NOT NULL AUTO_INCREMENT,
  `organization_id` int(11) NOT NULL,
  `role_id` int(11) NOT NULL,
  `username` varchar(90) NOT NULL,
  `email` varchar(150) NOT NULL,
  `password` varchar(96) DEFAULT NULL,
  `password_plain` varchar(96) DEFAULT NULL,
  `fullname` varchar(150) DEFAULT NULL,
  `photo` varchar(90) DEFAULT NULL,
  `phone` varchar(90) DEFAULT NULL,
  `created_by` int(11) DEFAULT NULL,
  `created_at` datetime DEFAULT NULL,
  `updated_at` timestamp NULL DEFAULT NULL,
  `lastlogin_ip` varchar(60) DEFAULT NULL,
  `lastlogin_date` double DEFAULT NULL,
  `verify_code` varchar(16) DEFAULT NULL,
  `status` tinyint(1) DEFAULT '1',
  PRIMARY KEY (`username`,`email`),
  KEY `user_id` (`user_id`)
) ENGINE=InnoDB AUTO_INCREMENT=53 DEFAULT CHARSET=latin1;

/*Data for the table `admin_users` */

insert  into `admin_users`(`user_id`,`organization_id`,`role_id`,`username`,`email`,`password`,`password_plain`,`fullname`,`photo`,`phone`,`created_by`,`created_at`,`updated_at`,`lastlogin_ip`,`lastlogin_date`,`verify_code`,`status`) values 
(50,4,15,'\'','domtghi@google.com','024c94d6e03b6f67a86b952b914816c7','\'','\'',NULL,'\'',17,'2019-09-17 13:04:42',NULL,'27.34.20.25',NULL,'O7CIWP5',0),
(3,0,1,'alamin','alamin@ssd-tech.com','2e6c2c6b0b9fcaa04541a952f8dab8de',NULL,'Md. Alamin Bhuiyan',NULL,'1234567890',3,'2019-01-21 13:19:21','2019-03-12 11:56:57','45.249.101.50',NULL,NULL,1),
(48,4,15,'ascf\'','ascf@yahoo.com','1f4a4a13f1a569b5bf6358b16c3c97b4','ascf','ascf\'',NULL,'01730372923\'',17,'2019-09-08 16:19:49','2019-10-03 17:08:11','27.34.20.25',NULL,'O5MB36Q',0),
(41,7,18,'bkashadmin','admin@bkash.com','f23ead97f8a669eb030a06a043808f4e','bkashadmin','Bkash Admin',NULL,'0123456789',7,'2019-08-07 14:01:08',NULL,'45.249.101.50',NULL,'C9CY7TB',1),
(46,4,15,'eminence1337','sujan.thapa@eminenceways.com','589583c36273400f4e482e266d426dc3','Testing@12345','Eminence Ways',NULL,'9779806585524',17,'2019-08-25 15:45:36',NULL,'27.34.20.104',NULL,'XUQY5Q4',1),
(47,4,15,'eminence1337s','ethicalhacker060@gmail.com','589583c36273400f4e482e266d426dc3','Testing@12345','Eminence12345\'',NULL,'9779806585524',17,'2019-08-25 15:52:52','2019-10-03 17:08:32','27.34.20.25',NULL,'YNBQL1V',0),
(8,1,3,'ishaque','ishaque@ssd-tech124.com','4096eeffdfc73b75e8ba63dc621a017d',NULL,'Md. Ali Ishaque',NULL,'nai',7,'2019-03-12 20:32:59',NULL,'45.249.101.50',NULL,NULL,1),
(34,4,16,'JD','debjoy40@gmail.com','e10adc3949ba59abbe56e057f20f883e','123456','JD',NULL,'898639991293',17,'2019-07-11 12:36:54','2019-10-03 17:38:41','45.249.101.50',NULL,'CVY6BYJ',1),
(11,1,9,'joydeb','joydeb@ssd-tech.io','aa81818c3509227beba67f03f446eff8',NULL,'Joydeb',NULL,'1234567890',3,'2019-03-13 16:04:46',NULL,'45.249.101.50',NULL,NULL,1),
(19,2,9,'joydeb_digi','joydeb_digi@ssd-tech.com','a6930da9b822c2cf1f5102bc1957c588',NULL,'joydeb_digi',NULL,'',3,'2019-07-04 19:16:50',NULL,'45.249.101.50',NULL,NULL,1),
(52,8,19,'mizzima','mizzima@gmail.com','d6db169bdf34e41f6bc874a2c4009c1f','mizzima@1234','Mizzima News',NULL,'9790869038',7,'2019-11-14 12:36:17','2019-11-14 13:32:06','45.249.101.50',NULL,NULL,1),
(17,4,13,'narain','narain@eminenceways.com','81076c62ffcd7ba79177cd73a36ab070',NULL,'narain',NULL,'9806585524',17,'2019-05-15 15:33:46','2019-09-17 17:00:37','27.34.104.91',NULL,NULL,1),
(13,1,10,'rifat','rifat@ssd-tech.io','35c0c28414ac08bb8b6729631f69ee01',NULL,'Rifat Hasan',NULL,'',3,'2019-04-03 20:26:29',NULL,'45.249.101.50',NULL,NULL,1),
(16,2,12,'saad','saad@ssd-tech.io','347602146a923872538f3803eb5f3cef',NULL,'AGM Saad',NULL,'',3,'2019-05-13 16:40:50',NULL,'45.249.101.50',NULL,NULL,1),
(7,0,7,'serviceteam','serviceteam@ssd-tech.com','e10adc3949ba59abbe56e057f20f883e',NULL,'Service Team',NULL,'0123456789',5,'2019-03-12 13:02:19','2019-03-13 10:39:26','45.249.101.50',NULL,NULL,1),
(5,0,2,'sharmin','sharmin@ssd-tech.com','30f88072b59fcea5b439f0fec08d89bb',NULL,'Sharmin Aktar',NULL,'01920812629',5,'2019-03-11 19:49:59','2019-03-13 10:38:41','45.249.101.50',NULL,NULL,1),
(15,3,11,'telenor','muminull@ssd-tech.io','9e019f1f0f2259f6051b9f08fa8eb823',NULL,'telenor business',NULL,'',3,'2019-04-24 15:27:54',NULL,'45.249.101.50',NULL,NULL,1),
(49,4,15,'test','test@yahoo.com','098f6bcd4621d373cade4e832627b4f6','test','test\' or1=1#',NULL,'01730372923',17,'2019-09-09 11:44:21','2019-10-03 17:08:37','45.249.101.50',NULL,'PH7SE24',0),
(51,4,16,'testter','test@test.com','adf4661fe6715ed47954193e68b63036','okokok','tester123',NULL,'okokok',17,'2019-09-17 13:06:22',NULL,'27.34.20.25',NULL,'ZP1WSWR',0),
(42,4,15,'test_username&quot;','raqibul.hasan@ssd-tech.io','e10adc3949ba59abbe56e057f20f883e','123456','Test User Fullname\'',NULL,'01710455990',17,'2019-08-21 15:17:19','2019-10-03 17:09:19','27.34.20.25',NULL,'O16OH28',0),
(18,6,14,'trivia_user','trivia_user@ssd-tech.com','fbb44b938c12b716d3cd9a07e473dac4',NULL,'Trivia Quiz App Admin',NULL,'01708133969',3,'2019-06-17 12:07:12',NULL,'45.249.101.50',NULL,NULL,1),
(12,1,9,'zunaid','zunaid@ssd-tech.io','094af99be8fadc472ae9830a069b4042',NULL,'zunaid',NULL,'+8801730357693',7,'2019-03-19 10:35:53','2019-07-15 14:26:02','45.249.101.50',NULL,NULL,1);

/*Table structure for table `module_actions` */

DROP TABLE IF EXISTS `module_actions`;

CREATE TABLE `module_actions` (
  `action_id` int(11) NOT NULL AUTO_INCREMENT,
  `module_id` int(11) NOT NULL,
  `organization_id` int(11) DEFAULT NULL,
  `action_name` varchar(192) DEFAULT NULL,
  `display_name` varchar(192) CHARACTER SET utf8 DEFAULT NULL,
  PRIMARY KEY (`action_id`)
) ENGINE=InnoDB AUTO_INCREMENT=273 DEFAULT CHARSET=latin1;

/*Data for the table `module_actions` */

insert  into `module_actions`(`action_id`,`module_id`,`organization_id`,`action_name`,`display_name`) values 
(1,1,0,'manage_admin_user.php','Manage Admin User'),
(2,1,0,'add_admin_user.php','Add Admin User'),
(3,1,0,'update_admin_user.php','Update Admin User'),
(4,1,0,'delete_admin_user.php','Delete Admin User'),
(5,2,0,'manage_admin_role.php','Manage Admin Role'),
(6,2,0,'add_admin_role.php','Add Admin Role'),
(7,2,0,'update_admin_role.php','Update Admin Role'),
(8,2,0,'delete_admin_role.php','Delete Admin Role'),
(11,2,0,'permission_manager.php','Permission Manager'),
(12,6,0,'add_module.php','Add New Module'),
(14,3,0,'bulk_upload.php','Content Upload'),
(15,3,0,'manage_quiz_content.php','Manage Quiz Content'),
(18,5,0,'manage_quiz.php','Manage Quiz'),
(19,5,0,'edit_quiz.php','Edit Quiz'),
(20,5,0,'delete_quiz.php','Delete Quiz'),
(21,5,0,'add_quiz.php','Add Quiz'),
(22,5,0,'add_category.php','Add Quiz Category'),
(23,5,0,'manage_category.php','Manage Quiz Category'),
(24,5,0,'delete_category.php','Delete Quiz Category'),
(25,5,0,'edit_category.php','Edit Quiz Category'),
(26,8,0,'content_push_history.php','Content Push History'),
(27,8,0,'user_sub_history.php','User Subscription History'),
(28,8,0,'current_subscriber_base.php','Current Subscriber Base'),
(29,9,0,'quiz_log.php','Quiz Log'),
(30,9,0,'quiz_charging_log.php','Quiz Charging Log'),
(31,9,0,'quiz_completion_status.php','Quiz Completion Status'),
(32,3,0,'manage_service_content.php','Manage Service Content'),
(33,3,0,'update_service_content.php','Edit service Content'),
(34,3,0,'delete_service_content.php','Delete Service Content'),
(35,3,0,'delete_quiz_content.php','Delete Quiz Content'),
(37,3,0,'update_quiz_content.php','edit quiz content'),
(38,8,0,'subscription_summary.php','Subscription Summary'),
(39,6,0,'add_module_action.php','Add Module Action'),
(40,6,0,'manage_module_action.php','Manage Module Action'),
(41,6,0,'manage_module.php','Manage Module'),
(43,9,0,'quiz_summary.php','Quiz Summary'),
(44,11,0,'send_notification.php','Notification Module'),
(45,11,0,'notification_summary.php','Notification Report'),
(48,15,0,'upload_avatar.php','Upload Avatar'),
(49,16,0,'trivia_quiz_log.php','Trivia Quiz Log'),
(50,15,0,'update_avatar.php','Edit Avatar'),
(51,15,0,'delete_avatar.php','Delete Avatar'),
(52,3,0,'push_quiz_content.php','push Trivia Quiz Content'),
(53,17,0,'newspaper_at_home_office.php','Newspaper@Home/Office'),
(54,16,0,'trivia_quiz_rank_list.php','Quiz Rank List'),
(55,3,0,'push_quiz_score.php','Push Quiz Score'),
(56,18,0,'node_log_raw_data.php','Node Log Raw Data'),
(57,1,1,'manage_admin_user.php','Manage Admin User'),
(58,1,1,'add_admin_user.php','Add Admin User'),
(59,1,1,'update_admin_user.php','Update Admin User'),
(60,1,1,'delete_admin_user.php','Delete Admin User'),
(61,2,1,'manage_admin_role.php','Manage Admin Role'),
(62,2,1,'add_admin_role.php','Add Admin Role'),
(63,2,1,'update_admin_role.php','Update Admin Role'),
(64,2,1,'delete_admin_role.php','Delete Admin Role'),
(65,2,1,'permission_manager.php','Permission Manager'),
(66,6,1,'add_module.php','Add New Module'),
(67,3,1,'bulk_upload.php','Content Upload'),
(68,3,1,'manage_quiz_content.php','Manage Quiz Content'),
(69,5,1,'manage_quiz.php','Manage Quiz'),
(70,5,1,'edit_quiz.php','Edit Quiz'),
(71,5,1,'delete_quiz.php','Delete Quiz'),
(72,5,1,'add_quiz.php','Add Quiz'),
(73,5,1,'add_category.php','Add Quiz Category'),
(74,5,1,'manage_category.php','Manage Quiz Category'),
(75,5,1,'delete_category.php','Delete Quiz Category'),
(76,5,1,'edit_category.php','Edit Quiz Category'),
(77,8,1,'content_push_history.php','Content Push History'),
(78,8,1,'user_sub_history.php','User Subscription History'),
(79,8,1,'current_subscriber_base.php','Current Subscriber Base'),
(80,9,1,'quiz_log.php','Quiz Log'),
(81,9,1,'quiz_charging_log.php','Quiz Charging Log'),
(82,9,1,'quiz_completion_status.php','Quiz Completion Status'),
(83,3,1,'manage_service_content.php','Manage Service Content'),
(84,3,1,'update_service_content.php','Edit service Content'),
(85,3,1,'delete_service_content.php','Delete Service Content'),
(86,3,1,'delete_quiz_content.php','Delete Quiz Content'),
(87,3,1,'update_quiz_content.php','edit quiz content'),
(88,8,1,'subscription_summary.php','Subscription Summary'),
(89,6,1,'add_module_action.php','Add Module Action'),
(90,6,1,'manage_module_action.php','Manage Module Action'),
(91,6,1,'manage_module.php','Manage Module'),
(92,9,1,'quiz_summary.php','Quiz Summary'),
(93,11,1,'send_notification.php','Notification Module'),
(94,11,1,'notification_summary.php','Notification Report'),
(95,15,1,'upload_avatar.php','Upload Avatar'),
(96,16,1,'trivia_quiz_log.php','Trivia Quiz Log'),
(97,15,1,'update_avatar.php','Edit Avatar'),
(98,15,1,'delete_avatar.php','Delete Avatar'),
(99,3,1,'push_quiz_content.php','push Trivia Quiz Content'),
(100,17,1,'newspaper_at_home_office.php','Newspaper@Home/Office'),
(101,16,1,'trivia_quiz_rank_list.php','Quiz Rank List'),
(102,3,1,'push_quiz_score.php','Push Quiz Score'),
(103,18,1,'node_log_raw_data.php','Node Log Raw Data'),
(104,1,2,'manage_admin_user.php','Manage Admin User'),
(105,1,2,'add_admin_user.php','Add Admin User'),
(106,1,2,'update_admin_user.php','Update Admin User'),
(107,1,2,'delete_admin_user.php','Delete Admin User'),
(108,2,2,'manage_admin_role.php','Manage Admin Role'),
(109,2,2,'add_admin_role.php','Add Admin Role'),
(110,2,2,'update_admin_role.php','Update Admin Role'),
(111,2,2,'delete_admin_role.php','Delete Admin Role'),
(112,2,2,'permission_manager.php','Permission Manager'),
(113,6,2,'add_module.php','Add New Module'),
(114,3,2,'bulk_upload.php','Content Upload'),
(115,3,2,'manage_quiz_content.php','Manage Quiz Content'),
(116,5,2,'manage_quiz.php','Manage Quiz'),
(117,5,2,'edit_quiz.php','Edit Quiz'),
(118,5,2,'delete_quiz.php','Delete Quiz'),
(119,5,2,'add_quiz.php','Add Quiz'),
(120,5,2,'add_category.php','Add Quiz Category'),
(121,5,2,'manage_category.php','Manage Quiz Category'),
(122,5,2,'delete_category.php','Delete Quiz Category'),
(123,5,2,'edit_category.php','Edit Quiz Category'),
(124,8,2,'content_push_history.php','Content Push History'),
(125,8,2,'user_sub_history.php','User Subscription History'),
(126,8,2,'current_subscriber_base.php','Current Subscriber Base'),
(127,9,2,'quiz_log.php','Quiz Log'),
(128,9,2,'quiz_charging_log.php','Quiz Charging Log'),
(129,9,2,'quiz_completion_status.php','Quiz Completion Status'),
(130,3,2,'manage_service_content.php','Manage Service Content'),
(131,3,2,'update_service_content.php','Edit service Content'),
(132,3,2,'delete_service_content.php','Delete Service Content'),
(133,3,2,'delete_quiz_content.php','Delete Quiz Content'),
(134,3,2,'update_quiz_content.php','edit quiz content'),
(135,8,2,'subscription_summary.php','Subscription Summary'),
(136,6,2,'add_module_action.php','Add Module Action'),
(137,6,2,'manage_module_action.php','Manage Module Action'),
(138,6,2,'manage_module.php','Manage Module'),
(139,9,2,'quiz_summary.php','Quiz Summary'),
(140,11,2,'send_notification.php','Notification Module'),
(141,11,2,'notification_summary.php','Notification Report'),
(142,15,2,'upload_avatar.php','Upload Avatar'),
(143,16,2,'trivia_quiz_log.php','Trivia Quiz Log'),
(144,15,2,'update_avatar.php','Edit Avatar'),
(145,15,2,'delete_avatar.php','Delete Avatar'),
(146,3,2,'push_quiz_content.php','push Trivia Quiz Content'),
(147,17,2,'newspaper_at_home_office.php','Newspaper@Home/Office'),
(148,16,2,'trivia_quiz_rank_list.php','Quiz Rank List'),
(149,3,2,'push_quiz_score.php','Push Quiz Score'),
(150,18,2,'node_log_raw_data.php','Node Log Raw Data'),
(151,1,3,'manage_admin_user.php','Manage Admin User'),
(152,1,3,'add_admin_user.php','Add Admin User'),
(153,1,3,'update_admin_user.php','Update Admin User'),
(154,1,3,'delete_admin_user.php','Delete Admin User'),
(155,2,3,'manage_admin_role.php','Manage Admin Role'),
(156,2,3,'add_admin_role.php','Add Admin Role'),
(157,2,3,'update_admin_role.php','Update Admin Role'),
(158,2,3,'delete_admin_role.php','Delete Admin Role'),
(159,2,3,'permission_manager.php','Permission Manager'),
(160,6,3,'add_module.php','Add New Module'),
(161,3,3,'bulk_upload.php','Content Upload'),
(162,3,3,'manage_quiz_content.php','Manage Quiz Content'),
(163,5,3,'manage_quiz.php','Manage Quiz'),
(164,5,3,'edit_quiz.php','Edit Quiz'),
(165,5,3,'delete_quiz.php','Delete Quiz'),
(166,5,3,'add_quiz.php','Add Quiz'),
(167,5,3,'add_category.php','Add Quiz Category'),
(168,5,3,'manage_category.php','Manage Quiz Category'),
(169,5,3,'delete_category.php','Delete Quiz Category'),
(170,5,3,'edit_category.php','Edit Quiz Category'),
(171,8,3,'content_push_history.php','Content Push History'),
(172,8,3,'user_sub_history.php','User Subscription History'),
(173,8,3,'current_subscriber_base.php','Current Subscriber Base'),
(174,9,3,'quiz_log.php','Quiz Log'),
(175,9,3,'quiz_charging_log.php','Quiz Charging Log'),
(176,9,3,'quiz_completion_status.php','Quiz Completion Status'),
(177,3,3,'manage_service_content.php','Manage Service Content'),
(178,3,3,'update_service_content.php','Edit service Content'),
(179,3,3,'delete_service_content.php','Delete Service Content'),
(180,3,3,'delete_quiz_content.php','Delete Quiz Content'),
(181,3,3,'update_quiz_content.php','edit quiz content'),
(182,8,3,'subscription_summary.php','Subscription Summary'),
(183,6,3,'add_module_action.php','Add Module Action'),
(184,6,3,'manage_module_action.php','Manage Module Action'),
(185,6,3,'manage_module.php','Manage Module'),
(186,9,3,'quiz_summary.php','Quiz Summary'),
(187,11,3,'send_notification.php','Notification Module'),
(188,11,3,'notification_summary.php','Notification Report'),
(189,15,3,'upload_avatar.php','Upload Avatar'),
(190,16,3,'trivia_quiz_log.php','Trivia Quiz Log'),
(191,15,3,'update_avatar.php','Edit Avatar'),
(192,15,3,'delete_avatar.php','Delete Avatar'),
(193,3,3,'push_quiz_content.php','push Trivia Quiz Content'),
(194,17,3,'newspaper_at_home_office.php','Newspaper@Home/Office'),
(195,16,3,'trivia_quiz_rank_list.php','Quiz Rank List'),
(196,3,3,'push_quiz_score.php','Push Quiz Score'),
(197,18,3,'node_log_raw_data.php','Node Log Raw Data'),
(198,1,4,'manage_admin_user.php','Manage Admin User'),
(199,1,4,'add_admin_user.php','Add Admin User'),
(200,1,4,'update_admin_user.php','Update Admin User'),
(201,1,4,'delete_admin_user.php','Delete Admin User'),
(202,2,4,'manage_admin_role.php','Manage Admin Role'),
(203,2,4,'add_admin_role.php','Add Admin Role'),
(204,2,4,'update_admin_role.php','Update Admin Role'),
(205,2,4,'delete_admin_role.php','Delete Admin Role'),
(206,2,4,'permission_manager.php','Permission Manager'),
(208,3,4,'manage_quiz_content.php','Manage Quiz Content'),
(217,9,4,'quiz_log.php','Quiz Log'),
(218,9,4,'quiz_charging_log.php','Quiz Charging Log'),
(219,9,4,'quiz_completion_status.php','Quiz Completion Status'),
(220,3,4,'delete_quiz_content.php','Delete Quiz Content'),
(221,3,4,'update_quiz_content.php','edit quiz content'),
(225,17,4,'newspaper_at_home_office.php','Newspaper@Home/Office'),
(226,18,4,'node_log_raw_data.php','Node Log Raw Data'),
(227,17,4,'update_newspaper_at_home_office.php','Update Newspaper@Home/Office'),
(228,1,6,'manage_admin_user.php','Manage Admin User'),
(229,1,6,'add_admin_user.php','Add Admin User'),
(230,1,6,'update_admin_user.php','Update Admin User'),
(231,1,6,'delete_admin_user.php','Delete Admin User'),
(232,2,6,'manage_admin_role.php','Manage Admin Role'),
(233,2,6,'add_admin_role.php','Add Admin Role'),
(234,2,6,'update_admin_role.php','Update Admin Role'),
(235,2,6,'delete_admin_role.php','Delete Admin Role'),
(236,2,6,'permission_manager.php','Permission Manager'),
(237,3,6,'bulk_upload.php','Content Upload'),
(238,3,6,'manage_quiz_content.php','Manage Quiz Content'),
(239,5,6,'manage_quiz.php','Manage Quiz'),
(240,5,6,'edit_quiz.php','Edit Quiz'),
(241,5,6,'delete_quiz.php','Delete Quiz'),
(242,5,6,'add_quiz.php','Add Quiz'),
(243,5,6,'add_category.php','Add Quiz Category'),
(244,5,6,'manage_category.php','Manage Quiz Category'),
(245,5,6,'delete_category.php','Delete Quiz Category'),
(246,5,6,'edit_category.php','Edit Quiz Category'),
(247,3,6,'delete_quiz_content.php','Delete Quiz Content'),
(248,3,6,'update_quiz_content.php','edit quiz content'),
(249,16,6,'trivia_quiz_log.php','Trivia Quiz Log'),
(250,3,6,'push_quiz_content.php','push Trivia Quiz Content'),
(251,16,6,'trivia_quiz_rank_list.php','Quiz Rank List'),
(252,3,6,'push_quiz_score.php','Push Quiz Score'),
(253,10,2,'test.php','testing update again'),
(254,8,4,'new_old_user.php','New Old User'),
(255,3,4,'bulk_upload.php','Content Upload'),
(258,17,4,'voting_poll.php','Voting Poll'),
(259,17,4,'export_data_and_send_mail.php','Export Data And Send Mail'),
(260,10,0,'testingbulkInsertInModuleAction.php','Testing Bulk Insert In Module Action'),
(261,10,3,'testingbulkInsertInModuleAction.php','Testing Bulk Insert In Module Action'),
(262,17,4,'new_old_user.php','New Old User'),
(263,17,4,'services_used_by_user.php','Services Used by User'),
(264,17,4,'himalayan_quiz_log.php','Himalayan Quiz Log'),
(265,17,4,'node_log_raw_data.php','Node Log Raw Data'),
(266,17,4,'total.php','Total'),
(267,19,7,'create_campaign.php','Create Campaign'),
(268,19,7,'customer_care_queries.php','Customer Care Queries'),
(269,19,7,'post_query_answer_edit.php','Query Answer'),
(270,3,8,'bulk_upload.php','Content Upload'),
(271,3,8,'update_quiz_content.php','edit quiz content'),
(272,3,8,'manage_quiz_content.php','Manage Quiz Content');

/*Table structure for table `modules` */

DROP TABLE IF EXISTS `modules`;

CREATE TABLE `modules` (
  `module_id` double NOT NULL AUTO_INCREMENT,
  `module_name` varchar(255) NOT NULL,
  `display_name` varchar(255) DEFAULT NULL,
  `module_url` varchar(255) DEFAULT NULL,
  PRIMARY KEY (`module_id`)
) ENGINE=InnoDB AUTO_INCREMENT=20 DEFAULT CHARSET=latin1;

/*Data for the table `modules` */

insert  into `modules`(`module_id`,`module_name`,`display_name`,`module_url`) values 
(1,'admin_users','Admin User Manager','admin_users'),
(2,'admin_roles','Admin Role Manager','admin_roles'),
(3,'content_management','Content Management','content_management'),
(5,'services_management','Services Management','services_management'),
(6,'modules','Modules','modules'),
(8,'service_reporting','Service Reporting ','service_reporting'),
(9,'quiz_reporting','Global Quiz Reporting ','quiz_reporting'),
(10,'telenor_engilish_learning','Telenor Engilish Learning',NULL),
(11,'notification_module','Notification Module','notification_module'),
(15,'profile','Profile Management','profile/upload_avatar.php'),
(16,'trivia_quiz','Trivia Quiz App','trivia_quiz/url_nai.php'),
(17,'newspaper_reporting','Reporting','etaro_url_nai.php'),
(18,'node_log','Node Log','nai'),
(19,'bkash_referral','Bkash Referral','bkash_referral');

/*Table structure for table `organization` */

DROP TABLE IF EXISTS `organization`;

CREATE TABLE `organization` (
  `organization_id` int(11) NOT NULL AUTO_INCREMENT,
  `organization_name` varchar(2000) DEFAULT NULL,
  `created_by` int(11) DEFAULT NULL,
  `updated_by` int(11) DEFAULT NULL,
  `created_at` datetime DEFAULT NULL,
  `updated_at` timestamp NOT NULL DEFAULT CURRENT_TIMESTAMP,
  PRIMARY KEY (`organization_id`)
) ENGINE=InnoDB AUTO_INCREMENT=9 DEFAULT CHARSET=utf8;

/*Data for the table `organization` */

insert  into `organization`(`organization_id`,`organization_name`,`created_by`,`updated_by`,`created_at`,`updated_at`) values 
(0,'Super Power (All Organization)',1,1,'2019-05-15 13:37:07','2019-05-15 13:48:21'),
(1,'Bangladesh My Life',1,1,'2019-05-15 12:52:27','2019-05-15 13:03:43'),
(2,'Digi sohoj Kawan',1,1,'2019-05-15 12:52:59','2019-05-15 13:04:14'),
(3,'Myanmar Telenor English learning',1,1,'2019-05-15 12:53:37','2019-05-15 13:04:53'),
(4,'Nepal Himalayan Times',1,1,'2019-05-15 12:54:33','2019-05-15 13:05:17'),
(6,'TRIVIA Quiz ',1,1,'2019-06-17 11:39:21','2019-06-17 11:51:04'),
(7,'bKash Ltd.',1,1,'2019-08-07 13:51:05','2019-08-07 13:49:34'),
(8,'Mizzima News',1,1,'2019-11-14 12:34:16','2019-11-14 12:34:16');

/*Table structure for table `permissions` */

DROP TABLE IF EXISTS `permissions`;

CREATE TABLE `permissions` (
  `permission_id` int(11) NOT NULL AUTO_INCREMENT,
  `role_id` int(11) NOT NULL,
  `organization_id` int(11) DEFAULT NULL,
  `module` varchar(96) DEFAULT NULL,
  `action` varchar(192) DEFAULT NULL,
  `action_url` varchar(255) DEFAULT NULL,
  `value` double DEFAULT NULL,
  `updated_at` timestamp NULL DEFAULT NULL,
  `created_at` datetime DEFAULT CURRENT_TIMESTAMP,
  PRIMARY KEY (`permission_id`)
) ENGINE=InnoDB AUTO_INCREMENT=2347 DEFAULT CHARSET=latin1;

/*Data for the table `permissions` */

insert  into `permissions`(`permission_id`,`role_id`,`organization_id`,`module`,`action`,`action_url`,`value`,`updated_at`,`created_at`) values 
(1,1,0,'admin_users','manage_admin_user.php','admin_users/manage_admin_user.php',1,NULL,'2019-07-24 15:24:41'),
(2,1,0,'admin_users','add_admin_user.php','admin_users/add_admin_user.php',1,NULL,'2019-07-24 15:24:41'),
(3,1,0,'admin_users','update_admin_user.php','admin_users/update_admin_user.php',1,NULL,'2019-07-24 15:24:41'),
(4,1,0,'admin_users','delete_admin_user.php','admin_users/delete_admin_user.php',1,NULL,'2019-07-24 15:24:41'),
(5,1,0,'admin_roles','manage_admin_role.php','admin_roles/manage_admin_role.php',1,NULL,'2019-07-24 15:24:41'),
(6,1,0,'admin_roles','add_admin_role.php','admin_roles/add_admin_role.php',1,NULL,'2019-07-24 15:24:41'),
(7,1,0,'admin_roles','update_admin_role.php','admin_roles/update_admin_role.php',1,NULL,'2019-07-24 15:24:41'),
(8,1,0,'admin_roles','delete_admin_role.php','admin_roles/delete_admin_role.php',1,NULL,'2019-07-24 15:24:41'),
(20,1,0,'admin_roles','permission_manager.php',NULL,1,NULL,'2019-07-24 15:24:41'),
(21,1,0,'modules','add_module.php',NULL,1,NULL,'2019-07-24 15:24:41'),
(31,1,0,'content_management','bulk_upload.php','content_management/bulk_upload.php',1,NULL,'2019-07-24 15:24:41'),
(35,1,0,'services_management','add_quiz.php','services/add_quiz.php',1,NULL,'2019-07-24 15:24:41'),
(37,1,0,'services_management','manage_quiz.php','services/manage_quiz.php',1,NULL,'2019-07-24 15:24:41'),
(38,1,0,'services_management','add_category.php','services/add_category.php',1,NULL,'2019-07-24 15:24:41'),
(39,1,0,'services_management','manage_category.php','services/manage_category.php',1,NULL,'2019-07-24 15:24:41'),
(40,1,0,'services_management','delete_category.php','services/delete_category.php',1,NULL,'2019-07-24 15:24:41'),
(41,1,0,'services_management','delete_quiz.php','services/delete_quiz.php',1,NULL,'2019-07-24 15:24:41'),
(42,1,0,'services_management','edit_quiz.php','services/edit_quiz.php',1,NULL,'2019-07-24 15:24:41'),
(43,1,0,'services_management','edit_category.php','services/edit_category.php',1,NULL,'2019-07-24 15:24:41'),
(44,1,0,'content_management','manage_quiz_content.php',NULL,1,NULL,'2019-07-24 15:24:41'),
(124,7,0,'admin_users','manage_admin_user.php',NULL,1,NULL,'2019-07-24 15:24:41'),
(125,7,0,'admin_users','add_admin_user.php',NULL,1,NULL,'2019-07-24 15:24:41'),
(126,7,0,'admin_users','update_admin_user.php',NULL,1,NULL,'2019-07-24 15:24:41'),
(127,7,0,'admin_users','delete_admin_user.php',NULL,1,NULL,'2019-07-24 15:24:41'),
(128,7,0,'admin_roles','manage_admin_role.php',NULL,1,NULL,'2019-07-24 15:24:41'),
(129,7,0,'admin_roles','add_admin_role.php',NULL,1,NULL,'2019-07-24 15:24:41'),
(130,7,0,'admin_roles','update_admin_role.php',NULL,1,NULL,'2019-07-24 15:24:41'),
(131,7,0,'admin_roles','delete_admin_role.php',NULL,1,NULL,'2019-07-24 15:24:41'),
(132,7,0,'admin_roles','permission_manager.php',NULL,1,NULL,'2019-07-24 15:24:41'),
(133,7,0,'content_management','bulk_upload.php',NULL,1,NULL,'2019-07-24 15:24:41'),
(134,7,0,'content_management','manage_quiz_content.php',NULL,1,NULL,'2019-07-24 15:24:41'),
(137,7,0,'services_management','manage_quiz.php',NULL,1,NULL,'2019-07-24 15:24:41'),
(138,7,0,'services_management','edit_quiz.php',NULL,1,NULL,'2019-07-24 15:24:41'),
(139,7,0,'services_management','delete_quiz.php',NULL,1,NULL,'2019-07-24 15:24:41'),
(140,7,0,'services_management','add_quiz.php',NULL,1,NULL,'2019-07-24 15:24:41'),
(141,7,0,'services_management','add_category.php',NULL,1,NULL,'2019-07-24 15:24:41'),
(142,7,0,'services_management','manage_category.php',NULL,1,NULL,'2019-07-24 15:24:41'),
(143,7,0,'services_management','delete_category.php',NULL,1,NULL,'2019-07-24 15:24:41'),
(144,7,0,'services_management','edit_category.php',NULL,1,NULL,'2019-07-24 15:24:41'),
(145,7,0,'modules','add_module.php',NULL,1,NULL,'2019-07-24 15:24:41'),
(146,7,0,'service_reporting','content_push_history.php',NULL,1,NULL,'2019-07-24 15:24:41'),
(147,7,0,'service_reporting','user_sub_history.php',NULL,1,NULL,'2019-07-24 15:24:41'),
(148,7,0,'service_reporting','current_subscriber_base.php',NULL,1,NULL,'2019-07-24 15:24:41'),
(149,7,0,'quiz_reporting','quiz_log.php',NULL,1,NULL,'2019-07-24 15:24:41'),
(150,7,0,'quiz_reporting','quiz_charging_log.php',NULL,1,NULL,'2019-07-24 15:24:41'),
(151,7,0,'quiz_reporting','quiz_completion_status.php',NULL,1,NULL,'2019-07-24 15:24:41'),
(152,1,0,'content_management','manage_service_content.php',NULL,1,NULL,'2019-07-24 15:24:41'),
(153,1,0,'service_reporting','content_push_history.php',NULL,1,NULL,'2019-07-24 15:24:41'),
(154,1,0,'service_reporting','user_sub_history.php',NULL,1,NULL,'2019-07-24 15:24:41'),
(155,1,0,'service_reporting','current_subscriber_base.php',NULL,1,NULL,'2019-07-24 15:24:41'),
(156,1,0,'quiz_reporting','quiz_log.php',NULL,1,NULL,'2019-07-24 15:24:41'),
(157,1,0,'quiz_reporting','quiz_charging_log.php',NULL,1,NULL,'2019-07-24 15:24:41'),
(158,1,0,'quiz_reporting','quiz_completion_status.php',NULL,1,NULL,'2019-07-24 15:24:41'),
(159,7,0,'content_management','manage_service_content.php',NULL,1,NULL,'2019-07-24 15:24:41'),
(163,1,0,'content_management','update_service_content.php',NULL,1,NULL,'2019-07-24 15:24:41'),
(164,1,0,'content_management','delete_service_content.php',NULL,1,NULL,'2019-07-24 15:24:41'),
(165,7,0,'content_management','update_service_content.php',NULL,1,NULL,'2019-07-24 15:24:41'),
(166,7,0,'content_management','delete_service_content.php',NULL,1,NULL,'2019-07-24 15:24:41'),
(171,1,0,'content_management','delete_quiz_content.php',NULL,1,NULL,'2019-07-24 15:24:41'),
(173,7,0,'content_management','delete_quiz_content.php',NULL,1,NULL,'2019-07-24 15:24:41'),
(234,1,0,'content_management','update_quiz_content.php',NULL,1,NULL,'2019-07-24 15:24:41'),
(235,7,0,'content_management','update_quiz_content.php',NULL,1,NULL,'2019-07-24 15:24:41'),
(330,7,0,'service_reporting','subscription_summary.php',NULL,1,NULL,'2019-07-24 15:24:41'),
(331,1,0,'service_reporting','subscription_summary.php',NULL,1,NULL,'2019-07-24 15:24:41'),
(332,1,0,'modules','add_module_action.php',NULL,1,NULL,'2019-07-24 15:24:41'),
(333,1,0,'modules','manage_module_action.php',NULL,1,NULL,'2019-07-24 15:24:41'),
(334,1,0,'modules','manage_module.php',NULL,1,NULL,'2019-07-24 15:24:41'),
(344,13,4,'content_management','bulk_upload.php',NULL,1,NULL,'2019-07-24 15:24:41'),
(370,7,0,'modules','add_module_action.php',NULL,1,NULL,'2019-07-24 15:24:41'),
(371,7,0,'modules','manage_module_action.php',NULL,1,NULL,'2019-07-24 15:24:41'),
(372,7,0,'modules','manage_module.php',NULL,1,NULL,'2019-07-24 15:24:41'),
(373,1,0,'quiz_reporting','quiz_summary.php',NULL,1,NULL,'2019-07-24 15:24:41'),
(380,7,0,'quiz_reporting','quiz_summary.php',NULL,1,NULL,'2019-07-24 15:24:41'),
(396,7,0,'notification_module','send_notification.php',NULL,1,NULL,'2019-07-24 15:24:41'),
(397,1,0,'notification_module','send_notification.php',NULL,1,NULL,'2019-07-24 15:24:41'),
(400,1,0,'notification_module','notification_summary.php',NULL,1,NULL,'2019-07-24 15:24:41'),
(422,7,0,'notification_module','notification_summary.php',NULL,1,NULL,'2019-07-24 15:24:41'),
(431,1,0,'profile','upload_avatar.php',NULL,1,NULL,'2019-07-24 15:24:41'),
(434,7,0,'profile','upload_avatar.php',NULL,1,NULL,'2019-07-24 15:24:41'),
(479,7,0,'profile','update_avatar.php',NULL,1,NULL,'2019-07-24 15:24:41'),
(480,7,0,'trivia_quiz','trivia_quiz_log.php',NULL,1,NULL,'2019-07-24 15:24:41'),
(481,7,0,'profile','deleteAvatar.php',NULL,1,NULL,'2019-07-24 15:24:41'),
(482,7,0,'profile','delete_avatar.php',NULL,1,NULL,'2019-07-24 15:24:41'),
(486,1,0,'content_management','push_quiz_content.php',NULL,1,NULL,'2019-07-24 15:24:41'),
(487,1,0,'profile','update_avatar.php',NULL,1,NULL,'2019-07-24 15:24:41'),
(488,1,0,'profile','delete_avatar.php',NULL,1,NULL,'2019-07-24 15:24:41'),
(489,1,0,'trivia_quiz','trivia_quiz_log.php',NULL,1,NULL,'2019-07-24 15:24:41'),
(493,13,4,'newspaper_reporting','newspaper_at_home_office.php',NULL,1,NULL,'2019-07-24 15:24:41'),
(494,13,4,'newspaper_reporting','voting_poll.php',NULL,1,NULL,'2019-07-24 15:24:41'),
(495,7,0,'content_management','push_quiz_content.php',NULL,1,NULL,'2019-07-24 15:24:41'),
(496,7,0,'newspaper_reporting','newspaper_at_home_office.php',NULL,1,NULL,'2019-07-24 15:24:41'),
(511,1,0,'content_management','push_quiz_score.php',NULL,1,NULL,'2019-07-24 15:24:41'),
(512,1,0,'trivia_quiz','trivia_quiz_rank_list.php',NULL,1,NULL,'2019-07-24 15:24:41'),
(513,1,0,'newspaper_reporting','newspaper_at_home_office.php',NULL,1,NULL,'2019-07-24 15:24:41'),
(514,1,0,'node_log','node_log_raw_data.php',NULL,1,NULL,'2019-07-24 15:24:41'),
(611,13,4,'admin_users','manage_admin_user.php',NULL,1,NULL,'2019-07-24 15:24:41'),
(612,13,4,'admin_users','add_admin_user.php',NULL,1,NULL,'2019-07-24 15:24:41'),
(613,13,4,'admin_users','update_admin_user.php',NULL,1,NULL,'2019-07-24 15:24:41'),
(614,13,4,'admin_users','delete_admin_user.php',NULL,1,NULL,'2019-07-24 15:24:41'),
(621,13,4,'content_management','manage_quiz_content.php',NULL,1,NULL,'2019-07-24 15:24:41'),
(625,13,4,'content_management','delete_quiz_content.php',NULL,1,NULL,'2019-07-24 15:24:41'),
(626,13,4,'content_management','update_quiz_content.php',NULL,1,NULL,'2019-07-24 15:24:41'),
(1551,13,4,'newspaper_reporting','update_newspaper_at_home_office.php ',NULL,1,NULL,'2019-07-24 15:24:41'),
(1552,14,6,'admin_users','manage_admin_user.php','NA',1,NULL,'2019-07-24 15:24:41'),
(1553,14,6,'admin_users','add_admin_user.php','NA',1,NULL,'2019-07-24 15:24:41'),
(1554,14,6,'admin_users','update_admin_user.php','NA',1,NULL,'2019-07-24 15:24:41'),
(1555,14,6,'admin_users','delete_admin_user.php','NA',1,NULL,'2019-07-24 15:24:41'),
(1556,14,6,'admin_roles','manage_admin_role.php','NA',1,NULL,'2019-07-24 15:24:41'),
(1557,14,6,'admin_roles','add_admin_role.php','NA',1,NULL,'2019-07-24 15:24:41'),
(1558,14,6,'admin_roles','update_admin_role.php','NA',1,NULL,'2019-07-24 15:24:41'),
(1559,14,6,'admin_roles','delete_admin_role.php','NA',1,NULL,'2019-07-24 15:24:41'),
(1560,14,6,'admin_roles','permission_manager.php','NA',1,NULL,'2019-07-24 15:24:41'),
(1561,14,6,'content_management','bulk_upload.php','NA',1,NULL,'2019-07-24 15:24:41'),
(1562,14,6,'content_management','manage_quiz_content.php','NA',1,NULL,'2019-07-24 15:24:41'),
(1563,14,6,'services_management','manage_quiz.php','NA',1,NULL,'2019-07-24 15:24:41'),
(1564,14,6,'services_management','edit_quiz.php','NA',1,NULL,'2019-07-24 15:24:41'),
(1565,14,6,'services_management','delete_quiz.php','NA',1,NULL,'2019-07-24 15:24:41'),
(1566,14,6,'services_management','add_quiz.php','NA',1,NULL,'2019-07-24 15:24:41'),
(1567,14,6,'services_management','add_category.php','NA',1,NULL,'2019-07-24 15:24:41'),
(1568,14,6,'services_management','manage_category.php','NA',1,NULL,'2019-07-24 15:24:41'),
(1569,14,6,'services_management','delete_category.php','NA',1,NULL,'2019-07-24 15:24:41'),
(1570,14,6,'services_management','edit_category.php','NA',1,NULL,'2019-07-24 15:24:41'),
(1571,14,6,'content_management','delete_quiz_content.php','NA',1,NULL,'2019-07-24 15:24:41'),
(1572,14,6,'content_management','update_quiz_content.php','NA',1,NULL,'2019-07-24 15:24:41'),
(1573,14,6,'trivia_quiz','trivia_quiz_log.php','NA',1,NULL,'2019-07-24 15:24:41'),
(1574,14,6,'content_management','push_quiz_content.php','NA',1,NULL,'2019-07-24 15:24:41'),
(1575,14,6,'trivia_quiz','trivia_quiz_rank_list.php','NA',1,NULL,'2019-07-24 15:24:41'),
(1576,14,6,'content_management','push_quiz_score.php','NA',1,NULL,'2019-07-24 15:24:41'),
(1933,15,4,'newspaper_reporting','newspaper_at_home_office.php',NULL,1,NULL,'2019-07-24 15:24:41'),
(1945,9,2,'content_management','bulk_upload.php',NULL,1,NULL,'2019-07-24 15:24:41'),
(1946,9,2,'content_management','manage_quiz_content.php',NULL,1,NULL,'2019-07-24 15:24:41'),
(1947,9,2,'content_management','manage_service_content.php',NULL,1,NULL,'2019-07-24 15:24:41'),
(1948,9,2,'content_management','update_service_content.php',NULL,1,NULL,'2019-07-24 15:24:41'),
(1949,9,2,'content_management','delete_service_content.php',NULL,1,NULL,'2019-07-24 15:24:41'),
(1950,9,2,'content_management','delete_quiz_content.php',NULL,1,NULL,'2019-07-24 15:24:41'),
(1951,9,2,'content_management','update_quiz_content.php',NULL,1,NULL,'2019-07-24 15:24:41'),
(1954,9,2,'services_management','manage_quiz.php',NULL,1,NULL,'2019-07-24 15:24:41'),
(1955,9,2,'services_management','edit_quiz.php',NULL,1,NULL,'2019-07-24 15:24:41'),
(1956,9,2,'services_management','delete_quiz.php',NULL,1,NULL,'2019-07-24 15:24:41'),
(1957,9,2,'services_management','add_quiz.php',NULL,1,NULL,'2019-07-24 15:24:41'),
(1958,9,2,'services_management','add_category.php',NULL,1,NULL,'2019-07-24 15:24:41'),
(1959,9,2,'services_management','manage_category.php',NULL,1,NULL,'2019-07-24 15:24:41'),
(1960,9,2,'services_management','delete_category.php',NULL,1,NULL,'2019-07-24 15:24:41'),
(1961,9,2,'services_management','edit_category.php',NULL,1,NULL,'2019-07-24 15:24:41'),
(1966,9,2,'service_reporting','content_push_history.php',NULL,1,NULL,'2019-07-24 15:24:41'),
(1967,9,2,'service_reporting','user_sub_history.php',NULL,1,NULL,'2019-07-24 15:24:41'),
(1968,9,2,'service_reporting','current_subscriber_base.php',NULL,1,NULL,'2019-07-24 15:24:41'),
(1969,9,2,'service_reporting','subscription_summary.php',NULL,1,NULL,'2019-07-24 15:24:41'),
(1970,9,2,'quiz_reporting','quiz_log.php',NULL,1,NULL,'2019-07-24 15:24:41'),
(1971,9,2,'quiz_reporting','quiz_charging_log.php',NULL,1,NULL,'2019-07-24 15:24:41'),
(1972,9,2,'quiz_reporting','quiz_completion_status.php',NULL,1,NULL,'2019-07-24 15:24:41'),
(1973,9,2,'quiz_reporting','quiz_summary.php',NULL,1,NULL,'2019-07-24 15:24:41'),
(1975,9,2,'notification_module','send_notification.php',NULL,1,NULL,'2019-07-24 15:24:41'),
(1976,9,2,'notification_module','notification_summary.php',NULL,1,NULL,'2019-07-24 15:24:41'),
(1983,9,2,'node_log','node_log_raw_data.php',NULL,1,NULL,'2019-07-24 15:24:41'),
(1993,9,1,'content_management','bulk_upload.php',NULL,1,NULL,'2019-07-24 15:24:41'),
(1994,9,1,'content_management','manage_quiz_content.php',NULL,1,NULL,'2019-07-24 15:24:41'),
(1995,9,1,'content_management','manage_service_content.php',NULL,1,NULL,'2019-07-24 15:24:41'),
(1996,9,1,'content_management','update_service_content.php',NULL,1,NULL,'2019-07-24 15:24:41'),
(1997,9,1,'content_management','delete_service_content.php',NULL,1,NULL,'2019-07-24 15:24:41'),
(1998,9,1,'content_management','delete_quiz_content.php',NULL,1,NULL,'2019-07-24 15:24:41'),
(1999,9,1,'content_management','update_quiz_content.php',NULL,1,NULL,'2019-07-24 15:24:41'),
(2002,9,1,'services_management','manage_quiz.php',NULL,1,NULL,'2019-07-24 15:24:41'),
(2003,9,1,'services_management','edit_quiz.php',NULL,1,NULL,'2019-07-24 15:24:41'),
(2004,9,1,'services_management','delete_quiz.php',NULL,1,NULL,'2019-07-24 15:24:41'),
(2005,9,1,'services_management','add_quiz.php',NULL,1,NULL,'2019-07-24 15:24:41'),
(2006,9,1,'services_management','add_category.php',NULL,1,NULL,'2019-07-24 15:24:41'),
(2007,9,1,'services_management','manage_category.php',NULL,1,NULL,'2019-07-24 15:24:41'),
(2008,9,1,'services_management','delete_category.php',NULL,1,NULL,'2019-07-24 15:24:41'),
(2009,9,1,'services_management','edit_category.php',NULL,1,NULL,'2019-07-24 15:24:41'),
(2014,9,1,'service_reporting','content_push_history.php',NULL,1,NULL,'2019-07-24 15:24:41'),
(2015,9,1,'service_reporting','user_sub_history.php',NULL,1,NULL,'2019-07-24 15:24:41'),
(2016,9,1,'service_reporting','current_subscriber_base.php',NULL,1,NULL,'2019-07-24 15:24:41'),
(2017,9,1,'service_reporting','subscription_summary.php',NULL,1,NULL,'2019-07-24 15:24:41'),
(2018,9,1,'quiz_reporting','quiz_log.php',NULL,1,NULL,'2019-07-24 15:24:41'),
(2019,9,1,'quiz_reporting','quiz_charging_log.php',NULL,1,NULL,'2019-07-24 15:24:41'),
(2020,9,1,'quiz_reporting','quiz_completion_status.php',NULL,1,NULL,'2019-07-24 15:24:41'),
(2021,9,1,'quiz_reporting','quiz_summary.php',NULL,1,NULL,'2019-07-24 15:24:41'),
(2022,9,1,'notification_module','send_notification.php',NULL,1,NULL,'2019-07-24 15:24:41'),
(2023,9,1,'notification_module','notification_summary.php',NULL,1,NULL,'2019-07-24 15:24:41'),
(2024,9,1,'profile','upload_avatar.php',NULL,1,NULL,'2019-07-24 15:24:41'),
(2025,9,1,'profile','update_avatar.php',NULL,1,NULL,'2019-07-24 15:24:41'),
(2026,9,1,'profile','delete_avatar.php',NULL,1,NULL,'2019-07-24 15:24:41'),
(2030,9,1,'node_log','node_log_raw_data.php',NULL,1,NULL,'2019-07-24 15:24:41'),
(2041,10,1,'content_management','manage_quiz_content.php',NULL,1,NULL,'2019-07-24 15:24:41'),
(2065,10,1,'quiz_reporting','quiz_log.php',NULL,1,NULL,'2019-07-24 15:24:41'),
(2066,10,1,'quiz_reporting','quiz_charging_log.php',NULL,1,NULL,'2019-07-24 15:24:41'),
(2067,10,1,'quiz_reporting','quiz_completion_status.php',NULL,1,NULL,'2019-07-24 15:24:41'),
(2068,10,1,'quiz_reporting','quiz_summary.php',NULL,1,NULL,'2019-07-24 15:24:41'),
(2077,10,1,'node_log','node_log_raw_data.php',NULL,1,NULL,'2019-07-24 15:24:41'),
(2088,10,2,'content_management','manage_quiz_content.php',NULL,1,NULL,'2019-07-24 15:24:41'),
(2112,10,2,'quiz_reporting','quiz_log.php',NULL,1,NULL,'2019-07-24 15:24:41'),
(2113,10,2,'quiz_reporting','quiz_charging_log.php',NULL,1,NULL,'2019-07-24 15:24:41'),
(2114,10,2,'quiz_reporting','quiz_completion_status.php',NULL,1,NULL,'2019-07-24 15:24:41'),
(2115,10,2,'quiz_reporting','quiz_summary.php',NULL,1,NULL,'2019-07-24 15:24:41'),
(2125,10,2,'node_log','node_log_raw_data.php',NULL,1,NULL,'2019-07-24 15:24:41'),
(2135,11,3,'content_management','bulk_upload.php',NULL,1,'2019-07-24 15:38:57','2019-07-24 15:24:41'),
(2203,12,2,'service_reporting','content_push_history.php',NULL,1,NULL,'2019-07-24 15:24:41'),
(2204,12,2,'service_reporting','user_sub_history.php',NULL,1,NULL,'2019-07-24 15:24:41'),
(2205,12,2,'service_reporting','current_subscriber_base.php',NULL,1,NULL,'2019-07-24 15:24:41'),
(2206,12,2,'service_reporting','subscription_summary.php',NULL,1,NULL,'2019-07-24 15:24:41'),
(2207,12,2,'quiz_reporting','quiz_log.php',NULL,1,NULL,'2019-07-24 15:24:41'),
(2208,12,2,'quiz_reporting','quiz_charging_log.php',NULL,1,NULL,'2019-07-24 15:24:41'),
(2209,12,2,'quiz_reporting','quiz_completion_status.php',NULL,1,NULL,'2019-07-24 15:24:41'),
(2210,12,2,'quiz_reporting','quiz_summary.php',NULL,1,NULL,'2019-07-24 15:24:41'),
(2220,12,2,'node_log','node_log_raw_data.php',NULL,1,NULL,'2019-07-24 15:24:41'),
(2227,1,0,'service_reporting','new_old_user.php',NULL,1,NULL,'2019-07-24 15:24:41'),
(2239,16,4,'content_management','manage_quiz_content.php',NULL,1,NULL,'2019-07-24 15:24:41'),
(2240,16,4,'content_management','delete_quiz_content.php',NULL,1,NULL,'2019-07-24 15:24:41'),
(2241,16,4,'content_management','update_quiz_content.php',NULL,1,NULL,'2019-07-24 15:24:41'),
(2249,16,4,'content_management','bulk_upload.php',NULL,1,NULL,'2019-07-24 15:24:41'),
(2255,15,4,'newspaper_reporting','voting_poll.php',NULL,1,NULL,'2019-07-24 15:24:41'),
(2257,15,4,'newspaper_reporting','update_newspaper_at_home_office.php ',NULL,1,NULL,'2019-07-24 15:24:41'),
(2265,7,0,'node_log','node_log_raw_data.php',NULL,1,NULL,'2019-07-24 15:24:41'),
(2272,13,4,'newspaper_reporting','export_data_and_send_mail.php',NULL,1,NULL,'2019-07-24 15:24:41'),
(2273,1,0,'newspaper_reporting','breaking_news.php',NULL,1,NULL,'2019-07-24 15:24:41'),
(2274,1,0,'newspaper_reporting','export_data_and_send_mail.php',NULL,1,NULL,'2019-07-24 15:24:41'),
(2275,1,0,'newspaper_reporting','voting_poll.php',NULL,1,NULL,'2019-07-24 15:24:41'),
(2276,11,3,'18','197',NULL,1,'2019-07-24 15:38:57','2019-07-24 15:38:57'),
(2277,13,4,'newspaper_reporting','new_old_user.php',NULL,1,NULL,'2019-07-28 10:14:13'),
(2295,15,4,'newspaper_reporting','export_data_and_send_mail.php',NULL,1,NULL,'2019-07-28 18:18:09'),
(2296,15,4,'newspaper_reporting','new_old_user.php',NULL,1,NULL,'2019-07-28 18:18:09'),
(2298,13,4,'newspaper_reporting','himalayan_quiz_log.php',NULL,1,NULL,'2019-07-28 18:31:18'),
(2299,13,4,'newspaper_reporting','node_log_raw_data.php',NULL,1,NULL,'2019-07-28 19:05:29'),
(2300,15,4,'newspaper_reporting','himalayan_quiz_log.php',NULL,1,NULL,'2019-07-29 09:20:26'),
(2301,15,4,'newspaper_reporting','node_log_raw_data.php',NULL,1,NULL,'2019-07-29 09:20:26'),
(2302,7,7,'bkash_referral','create_campaign.php',NULL,1,NULL,'2019-08-07 13:54:09'),
(2317,18,7,'bkash_referral','create_campaign.php',NULL,1,NULL,'2019-08-07 13:59:46'),
(2318,18,7,'bkash_referral','customer_care_queries.php',NULL,1,NULL,'2019-08-07 15:23:43'),
(2320,7,0,'content_management','push_quiz_score.php',NULL,0,NULL,'2019-08-08 12:12:34'),
(2321,7,0,'service_reporting','new_old_user.php',NULL,0,NULL,'2019-08-08 12:12:34'),
(2322,7,0,'telenor_engilish_learning','test.php',NULL,0,NULL,'2019-08-08 12:12:34'),
(2323,7,0,'telenor_engilish_learning','testingbulkInsertInModuleAction.php',NULL,0,NULL,'2019-08-08 12:12:34'),
(2324,7,0,'trivia_quiz','trivia_quiz_rank_list.php',NULL,1,NULL,'2019-08-08 12:12:34'),
(2325,7,0,'newspaper_reporting','export_data_and_send_mail.php',NULL,1,NULL,'2019-08-08 12:12:34'),
(2326,7,0,'newspaper_reporting','himalayan_quiz_log.php',NULL,1,NULL,'2019-08-08 12:12:34'),
(2327,7,0,'newspaper_reporting','new_old_user.php',NULL,1,NULL,'2019-08-08 12:12:34'),
(2328,7,0,'newspaper_reporting','node_log_raw_data.php',NULL,1,NULL,'2019-08-08 12:12:34'),
(2329,7,0,'newspaper_reporting','services_used_by_user.php',NULL,1,NULL,'2019-08-08 12:12:34'),
(2330,7,0,'newspaper_reporting','total.php',NULL,1,NULL,'2019-08-08 12:12:34'),
(2331,7,0,'newspaper_reporting','update_newspaper_at_home_office.php',NULL,1,NULL,'2019-08-08 12:12:34'),
(2332,7,0,'newspaper_reporting','voting_poll.php',NULL,1,NULL,'2019-08-08 12:12:34'),
(2333,7,0,'bkash_referral','create_campaign.php',NULL,1,NULL,'2019-08-08 12:12:34'),
(2334,7,0,'bkash_referral','customer_care_queries.php',NULL,1,NULL,'2019-08-08 12:12:34'),
(2335,7,0,'bkash_referral','post_query_answer_edit.php',NULL,1,NULL,'2019-08-08 12:12:34'),
(2336,18,7,'bkash_referral','post_query_answer_edit.php',NULL,1,NULL,'2019-08-08 12:24:08'),
(2337,19,8,'content_management','bulk_upload.php',NULL,1,NULL,'2019-11-14 13:18:58'),
(2339,16,8,'content_management','update_quiz_content.php',NULL,1,NULL,'2019-11-14 13:24:04'),
(2340,16,8,'content_management','manage_quiz_content.php',NULL,1,NULL,'2019-11-14 13:24:04'),
(2341,16,8,'content_management','update_quiz_content.php',NULL,1,NULL,'2019-11-14 13:25:57'),
(2342,16,8,'content_management','manage_quiz_content.php',NULL,1,NULL,'2019-11-14 13:25:57'),
(2343,19,8,'content_management','update_quiz_content.php',NULL,1,NULL,'2019-11-14 13:31:27'),
(2344,19,8,'content_management','manage_quiz_content.php',NULL,1,NULL,'2019-11-14 13:31:27'),
(2345,19,8,'content_management','delete_quiz_content.php','action_url',1,'2020-01-21 15:08:52','2020-01-21 15:08:52'),
(2346,19,8,'newspaper_reporting','mizzima_quiz_log.php',NULL,1,NULL,'2019-07-28 18:31:18');

/*Table structure for table `permissions_roleBack` */

DROP TABLE IF EXISTS `permissions_roleBack`;

CREATE TABLE `permissions_roleBack` (
  `permission_id` int(11) NOT NULL AUTO_INCREMENT,
  `role_id` int(11) NOT NULL,
  `organization_id` int(11) DEFAULT NULL,
  `module` varchar(96) DEFAULT NULL,
  `action` varchar(192) DEFAULT NULL,
  `action_url` varchar(255) DEFAULT NULL,
  `value` double DEFAULT NULL,
  `updated_at` timestamp NULL DEFAULT NULL,
  `created_at` datetime DEFAULT CURRENT_TIMESTAMP,
  PRIMARY KEY (`permission_id`)
) ENGINE=InnoDB AUTO_INCREMENT=2539 DEFAULT CHARSET=latin1;

/*Data for the table `permissions_roleBack` */

insert  into `permissions_roleBack`(`permission_id`,`role_id`,`organization_id`,`module`,`action`,`action_url`,`value`,`updated_at`,`created_at`) values 
(1,1,0,'1','1','admin_users/manage_admin_user.php',1,'2019-07-24 16:57:06','2019-07-24 15:24:41'),
(2,1,0,'1','2','admin_users/add_admin_user.php',1,'2019-07-24 16:57:06','2019-07-24 15:24:41'),
(3,1,0,'1','3','admin_users/update_admin_user.php',1,'2019-07-24 16:57:06','2019-07-24 15:24:41'),
(4,1,0,'1','4','admin_users/delete_admin_user.php',1,'2019-07-24 16:57:06','2019-07-24 15:24:41'),
(5,1,0,'2','5','admin_roles/manage_admin_role.php',1,'2019-07-24 16:57:06','2019-07-24 15:24:41'),
(6,1,0,'2','6','admin_roles/add_admin_role.php',1,'2019-07-24 16:57:06','2019-07-24 15:24:41'),
(7,1,0,'2','7','admin_roles/update_admin_role.php',1,'2019-07-24 16:57:06','2019-07-24 15:24:41'),
(8,1,0,'2','8','admin_roles/delete_admin_role.php',1,'2019-07-24 16:57:06','2019-07-24 15:24:41'),
(20,1,0,'2','11',NULL,1,'2019-07-24 16:57:06','2019-07-24 15:24:41'),
(21,1,0,'6','12',NULL,1,'2019-07-24 16:57:06','2019-07-24 15:24:41'),
(31,1,0,'3','14','content_management/bulk_upload.php',1,'2019-07-24 16:57:06','2019-07-24 15:24:41'),
(35,1,0,'5','21','services/add_quiz.php',1,'2019-07-24 16:57:06','2019-07-24 15:24:41'),
(37,1,0,'5','18','services/manage_quiz.php',1,'2019-07-24 16:57:06','2019-07-24 15:24:41'),
(38,1,0,'5','22','services/add_category.php',1,'2019-07-24 16:57:06','2019-07-24 15:24:41'),
(39,1,0,'5','23','services/manage_category.php',1,'2019-07-24 16:57:06','2019-07-24 15:24:41'),
(40,1,0,'5','24','services/delete_category.php',1,'2019-07-24 16:57:06','2019-07-24 15:24:41'),
(41,1,0,'5','20','services/delete_quiz.php',1,'2019-07-24 16:57:06','2019-07-24 15:24:41'),
(42,1,0,'5','19','services/edit_quiz.php',1,'2019-07-24 16:57:06','2019-07-24 15:24:41'),
(43,1,0,'5','25','services/edit_category.php',1,'2019-07-24 16:57:06','2019-07-24 15:24:41'),
(44,1,0,'3','15',NULL,1,'2019-07-24 16:57:06','2019-07-24 15:24:41'),
(124,7,0,'1','1',NULL,1,NULL,'2019-07-24 15:24:41'),
(125,7,0,'1','2',NULL,1,NULL,'2019-07-24 15:24:41'),
(126,7,0,'1','3',NULL,1,NULL,'2019-07-24 15:24:41'),
(127,7,0,'1','4',NULL,1,NULL,'2019-07-24 15:24:41'),
(128,7,0,'2','5',NULL,1,NULL,'2019-07-24 15:24:41'),
(129,7,0,'2','6',NULL,1,NULL,'2019-07-24 15:24:41'),
(130,7,0,'2','7',NULL,1,NULL,'2019-07-24 15:24:41'),
(131,7,0,'2','8',NULL,1,NULL,'2019-07-24 15:24:41'),
(132,7,0,'2','11',NULL,1,NULL,'2019-07-24 15:24:41'),
(133,7,0,'3','14',NULL,1,NULL,'2019-07-24 15:24:41'),
(134,7,0,'3','15',NULL,1,NULL,'2019-07-24 15:24:41'),
(137,7,0,'5','18',NULL,1,NULL,'2019-07-24 15:24:41'),
(138,7,0,'5','19',NULL,1,NULL,'2019-07-24 15:24:41'),
(139,7,0,'5','20',NULL,1,NULL,'2019-07-24 15:24:41'),
(140,7,0,'5','21',NULL,1,NULL,'2019-07-24 15:24:41'),
(141,7,0,'5','22',NULL,1,NULL,'2019-07-24 15:24:41'),
(142,7,0,'5','23',NULL,1,NULL,'2019-07-24 15:24:41'),
(143,7,0,'5','24',NULL,1,NULL,'2019-07-24 15:24:41'),
(144,7,0,'5','25',NULL,1,NULL,'2019-07-24 15:24:41'),
(145,7,0,'6','12',NULL,1,NULL,'2019-07-24 15:24:41'),
(146,7,0,'8','26',NULL,1,NULL,'2019-07-24 15:24:41'),
(147,7,0,'8','27',NULL,1,NULL,'2019-07-24 15:24:41'),
(148,7,0,'8','28',NULL,1,NULL,'2019-07-24 15:24:41'),
(149,7,0,'9','29',NULL,1,NULL,'2019-07-24 15:24:41'),
(150,7,0,'9','30',NULL,1,NULL,'2019-07-24 15:24:41'),
(151,7,0,'9','31',NULL,1,NULL,'2019-07-24 15:24:41'),
(152,1,0,'3','32',NULL,1,'2019-07-24 16:57:06','2019-07-24 15:24:41'),
(153,1,0,'8','26',NULL,1,'2019-07-24 16:57:06','2019-07-24 15:24:41'),
(154,1,0,'8','27',NULL,1,'2019-07-24 16:57:06','2019-07-24 15:24:41'),
(155,1,0,'8','28',NULL,1,'2019-07-24 16:57:06','2019-07-24 15:24:41'),
(156,1,0,'9','29',NULL,1,'2019-07-24 16:57:06','2019-07-24 15:24:41'),
(157,1,0,'9','30',NULL,1,'2019-07-24 16:57:06','2019-07-24 15:24:41'),
(158,1,0,'9','31',NULL,1,'2019-07-24 16:57:06','2019-07-24 15:24:41'),
(159,7,0,'3','32',NULL,1,NULL,'2019-07-24 15:24:41'),
(163,1,0,'3','33',NULL,1,'2019-07-24 16:57:06','2019-07-24 15:24:41'),
(164,1,0,'3','34',NULL,1,'2019-07-24 16:57:06','2019-07-24 15:24:41'),
(165,7,0,'3','33',NULL,1,NULL,'2019-07-24 15:24:41'),
(166,7,0,'3','34',NULL,1,NULL,'2019-07-24 15:24:41'),
(171,1,0,'3','35',NULL,1,'2019-07-24 16:57:06','2019-07-24 15:24:41'),
(173,7,0,'3','35',NULL,1,NULL,'2019-07-24 15:24:41'),
(234,1,0,'3','37',NULL,1,'2019-07-24 16:57:06','2019-07-24 15:24:41'),
(235,7,0,'3','37',NULL,1,NULL,'2019-07-24 15:24:41'),
(330,7,0,'8','38',NULL,1,NULL,'2019-07-24 15:24:41'),
(331,1,0,'8','38',NULL,1,'2019-07-24 16:57:06','2019-07-24 15:24:41'),
(332,1,0,'6','39',NULL,1,'2019-07-24 16:57:06','2019-07-24 15:24:41'),
(333,1,0,'6','40',NULL,1,'2019-07-24 16:57:06','2019-07-24 15:24:41'),
(334,1,0,'6','41',NULL,1,'2019-07-24 16:57:06','2019-07-24 15:24:41'),
(344,13,4,'3','14',NULL,1,NULL,'2019-07-24 15:24:41'),
(368,13,4,'9','30',NULL,1,NULL,'2019-07-24 15:24:41'),
(369,13,4,'9','31',NULL,1,NULL,'2019-07-24 15:24:41'),
(370,7,0,'6','39',NULL,1,NULL,'2019-07-24 15:24:41'),
(371,7,0,'6','40',NULL,1,NULL,'2019-07-24 15:24:41'),
(372,7,0,'6','41',NULL,1,NULL,'2019-07-24 15:24:41'),
(373,1,0,'9','43',NULL,1,'2019-07-24 16:57:06','2019-07-24 15:24:41'),
(380,7,0,'9','43',NULL,1,NULL,'2019-07-24 15:24:41'),
(396,7,0,'11','44',NULL,1,NULL,'2019-07-24 15:24:41'),
(397,1,0,'11','44',NULL,1,'2019-07-24 16:57:06','2019-07-24 15:24:41'),
(400,1,0,'11','45',NULL,1,'2019-07-24 16:57:06','2019-07-24 15:24:41'),
(422,7,0,'11','45',NULL,1,NULL,'2019-07-24 15:24:41'),
(431,1,0,'15','48',NULL,1,'2019-07-24 16:57:06','2019-07-24 15:24:41'),
(434,7,0,'15','48',NULL,1,NULL,'2019-07-24 15:24:41'),
(479,7,0,'15','50',NULL,1,NULL,'2019-07-24 15:24:41'),
(480,7,0,'16','49',NULL,1,NULL,'2019-07-24 15:24:41'),
(482,7,0,'15','51',NULL,1,NULL,'2019-07-24 15:24:41'),
(486,1,0,'3','52',NULL,1,'2019-07-24 16:57:06','2019-07-24 15:24:41'),
(487,1,0,'15','50',NULL,1,'2019-07-24 16:57:06','2019-07-24 15:24:41'),
(488,1,0,'15','51',NULL,1,'2019-07-24 16:57:06','2019-07-24 15:24:41'),
(489,1,0,'16','49',NULL,1,'2019-07-24 16:57:06','2019-07-24 15:24:41'),
(493,13,4,'17','53',NULL,1,NULL,'2019-07-24 15:24:41'),
(494,13,4,'17','258',NULL,1,'2019-07-25 16:04:12','2019-07-24 15:24:41'),
(495,7,0,'3','52',NULL,1,NULL,'2019-07-24 15:24:41'),
(496,7,0,'17','53',NULL,1,NULL,'2019-07-24 15:24:41'),
(510,13,4,'18','56',NULL,1,NULL,'2019-07-24 15:24:41'),
(511,1,0,'3','55',NULL,1,'2019-07-24 16:57:06','2019-07-24 15:24:41'),
(512,1,0,'16','54',NULL,1,'2019-07-24 16:57:06','2019-07-24 15:24:41'),
(513,1,0,'17','53',NULL,1,'2019-07-24 16:57:06','2019-07-24 15:24:41'),
(514,1,0,'18','56',NULL,1,'2019-07-24 16:57:06','2019-07-24 15:24:41'),
(611,13,4,'1','1',NULL,1,NULL,'2019-07-24 15:24:41'),
(612,13,4,'1','2',NULL,1,NULL,'2019-07-24 15:24:41'),
(613,13,4,'1','3',NULL,1,NULL,'2019-07-24 15:24:41'),
(614,13,4,'1','4',NULL,1,NULL,'2019-07-24 15:24:41'),
(621,13,4,'3','15',NULL,1,NULL,'2019-07-24 15:24:41'),
(625,13,4,'3','35',NULL,1,NULL,'2019-07-24 15:24:41'),
(626,13,4,'3','37',NULL,1,NULL,'2019-07-24 15:24:41'),
(645,13,4,'9','29',NULL,1,NULL,'2019-07-24 15:24:41'),
(1551,13,4,'17','227',NULL,0,'2019-07-25 16:04:12','2019-07-24 15:24:41'),
(1552,14,6,'1','1','NA',1,NULL,'2019-07-24 15:24:41'),
(1553,14,6,'1','2','NA',1,NULL,'2019-07-24 15:24:41'),
(1554,14,6,'1','3','NA',1,NULL,'2019-07-24 15:24:41'),
(1555,14,6,'1','4','NA',1,NULL,'2019-07-24 15:24:41'),
(1556,14,6,'2','5','NA',1,NULL,'2019-07-24 15:24:41'),
(1557,14,6,'2','6','NA',1,NULL,'2019-07-24 15:24:41'),
(1558,14,6,'2','7','NA',1,NULL,'2019-07-24 15:24:41'),
(1559,14,6,'2','8','NA',1,NULL,'2019-07-24 15:24:41'),
(1560,14,6,'2','11','NA',1,NULL,'2019-07-24 15:24:41'),
(1561,14,6,'3','14','NA',1,NULL,'2019-07-24 15:24:41'),
(1562,14,6,'3','15','NA',1,NULL,'2019-07-24 15:24:41'),
(1563,14,6,'5','18','NA',1,NULL,'2019-07-24 15:24:41'),
(1564,14,6,'5','19','NA',1,NULL,'2019-07-24 15:24:41'),
(1565,14,6,'5','20','NA',1,NULL,'2019-07-24 15:24:41'),
(1566,14,6,'5','21','NA',1,NULL,'2019-07-24 15:24:41'),
(1567,14,6,'5','22','NA',1,NULL,'2019-07-24 15:24:41'),
(1568,14,6,'5','23','NA',1,NULL,'2019-07-24 15:24:41'),
(1569,14,6,'5','24','NA',1,NULL,'2019-07-24 15:24:41'),
(1570,14,6,'5','25','NA',1,NULL,'2019-07-24 15:24:41'),
(1571,14,6,'3','35','NA',1,NULL,'2019-07-24 15:24:41'),
(1572,14,6,'3','37','NA',1,NULL,'2019-07-24 15:24:41'),
(1573,14,6,'16','49','NA',1,NULL,'2019-07-24 15:24:41'),
(1574,14,6,'3','52','NA',1,NULL,'2019-07-24 15:24:41'),
(1575,14,6,'16','54','NA',1,NULL,'2019-07-24 15:24:41'),
(1576,14,6,'3','55','NA',1,NULL,'2019-07-24 15:24:41'),
(1936,9,2,'1','1',NULL,0,NULL,'2019-07-24 15:24:41'),
(1937,9,2,'1','2',NULL,0,NULL,'2019-07-24 15:24:41'),
(1938,9,2,'1','3',NULL,0,NULL,'2019-07-24 15:24:41'),
(1939,9,2,'1','4',NULL,0,NULL,'2019-07-24 15:24:41'),
(1940,9,2,'2','5',NULL,0,NULL,'2019-07-24 15:24:41'),
(1941,9,2,'2','6',NULL,0,NULL,'2019-07-24 15:24:41'),
(1942,9,2,'2','7',NULL,0,NULL,'2019-07-24 15:24:41'),
(1943,9,2,'2','8',NULL,0,NULL,'2019-07-24 15:24:41'),
(1944,9,2,'2','11',NULL,0,NULL,'2019-07-24 15:24:41'),
(1945,9,2,'3','14',NULL,1,NULL,'2019-07-24 15:24:41'),
(1946,9,2,'3','15',NULL,1,NULL,'2019-07-24 15:24:41'),
(1947,9,2,'3','32',NULL,1,NULL,'2019-07-24 15:24:41'),
(1948,9,2,'3','33',NULL,1,NULL,'2019-07-24 15:24:41'),
(1949,9,2,'3','34',NULL,1,NULL,'2019-07-24 15:24:41'),
(1950,9,2,'3','35',NULL,1,NULL,'2019-07-24 15:24:41'),
(1951,9,2,'3','37',NULL,1,NULL,'2019-07-24 15:24:41'),
(1952,9,2,'3','52',NULL,0,NULL,'2019-07-24 15:24:41'),
(1953,9,2,'3','55',NULL,0,NULL,'2019-07-24 15:24:41'),
(1954,9,2,'5','18',NULL,1,NULL,'2019-07-24 15:24:41'),
(1955,9,2,'5','19',NULL,1,NULL,'2019-07-24 15:24:41'),
(1956,9,2,'5','20',NULL,1,NULL,'2019-07-24 15:24:41'),
(1957,9,2,'5','21',NULL,1,NULL,'2019-07-24 15:24:41'),
(1958,9,2,'5','22',NULL,1,NULL,'2019-07-24 15:24:41'),
(1959,9,2,'5','23',NULL,1,NULL,'2019-07-24 15:24:41'),
(1960,9,2,'5','24',NULL,1,NULL,'2019-07-24 15:24:41'),
(1961,9,2,'5','25',NULL,1,NULL,'2019-07-24 15:24:41'),
(1962,9,2,'6','12',NULL,0,NULL,'2019-07-24 15:24:41'),
(1963,9,2,'6','39',NULL,0,NULL,'2019-07-24 15:24:41'),
(1964,9,2,'6','40',NULL,0,NULL,'2019-07-24 15:24:41'),
(1965,9,2,'6','41',NULL,0,NULL,'2019-07-24 15:24:41'),
(1966,9,2,'8','26',NULL,1,NULL,'2019-07-24 15:24:41'),
(1967,9,2,'8','27',NULL,1,NULL,'2019-07-24 15:24:41'),
(1968,9,2,'8','28',NULL,1,NULL,'2019-07-24 15:24:41'),
(1969,9,2,'8','38',NULL,1,NULL,'2019-07-24 15:24:41'),
(1970,9,2,'9','29',NULL,1,NULL,'2019-07-24 15:24:41'),
(1971,9,2,'9','30',NULL,1,NULL,'2019-07-24 15:24:41'),
(1972,9,2,'9','31',NULL,1,NULL,'2019-07-24 15:24:41'),
(1973,9,2,'9','43',NULL,1,NULL,'2019-07-24 15:24:41'),
(1974,9,2,'10','253',NULL,0,NULL,'2019-07-24 15:24:41'),
(1975,9,2,'11','44',NULL,1,NULL,'2019-07-24 15:24:41'),
(1976,9,2,'11','45',NULL,1,NULL,'2019-07-24 15:24:41'),
(1977,9,2,'15','48',NULL,0,NULL,'2019-07-24 15:24:41'),
(1978,9,2,'15','50',NULL,0,NULL,'2019-07-24 15:24:41'),
(1979,9,2,'15','51',NULL,0,NULL,'2019-07-24 15:24:41'),
(1980,9,2,'16','49',NULL,0,NULL,'2019-07-24 15:24:41'),
(1981,9,2,'16','54',NULL,0,NULL,'2019-07-24 15:24:41'),
(1982,9,2,'17','53',NULL,0,NULL,'2019-07-24 15:24:41'),
(1983,9,2,'18','56',NULL,1,NULL,'2019-07-24 15:24:41'),
(1984,9,1,'1','1',NULL,0,NULL,'2019-07-24 15:24:41'),
(1985,9,1,'1','2',NULL,0,NULL,'2019-07-24 15:24:41'),
(1986,9,1,'1','3',NULL,0,NULL,'2019-07-24 15:24:41'),
(1987,9,1,'1','4',NULL,0,NULL,'2019-07-24 15:24:41'),
(1988,9,1,'2','5',NULL,0,NULL,'2019-07-24 15:24:41'),
(1989,9,1,'2','6',NULL,0,NULL,'2019-07-24 15:24:41'),
(1990,9,1,'2','7',NULL,0,NULL,'2019-07-24 15:24:41'),
(1991,9,1,'2','8',NULL,0,NULL,'2019-07-24 15:24:41'),
(1992,9,1,'2','11',NULL,0,NULL,'2019-07-24 15:24:41'),
(1993,9,1,'3','14',NULL,1,NULL,'2019-07-24 15:24:41'),
(1994,9,1,'3','15',NULL,1,NULL,'2019-07-24 15:24:41'),
(1995,9,1,'3','32',NULL,1,NULL,'2019-07-24 15:24:41'),
(1996,9,1,'3','33',NULL,1,NULL,'2019-07-24 15:24:41'),
(1997,9,1,'3','34',NULL,1,NULL,'2019-07-24 15:24:41'),
(1998,9,1,'3','35',NULL,1,NULL,'2019-07-24 15:24:41'),
(1999,9,1,'3','37',NULL,1,NULL,'2019-07-24 15:24:41'),
(2000,9,1,'3','52',NULL,0,NULL,'2019-07-24 15:24:41'),
(2001,9,1,'3','55',NULL,0,NULL,'2019-07-24 15:24:41'),
(2002,9,1,'5','18',NULL,1,NULL,'2019-07-24 15:24:41'),
(2003,9,1,'5','19',NULL,1,NULL,'2019-07-24 15:24:41'),
(2004,9,1,'5','20',NULL,1,NULL,'2019-07-24 15:24:41'),
(2005,9,1,'5','21',NULL,1,NULL,'2019-07-24 15:24:41'),
(2006,9,1,'5','22',NULL,1,NULL,'2019-07-24 15:24:41'),
(2007,9,1,'5','23',NULL,1,NULL,'2019-07-24 15:24:41'),
(2008,9,1,'5','24',NULL,1,NULL,'2019-07-24 15:24:41'),
(2009,9,1,'5','25',NULL,1,NULL,'2019-07-24 15:24:41'),
(2010,9,1,'6','12',NULL,0,NULL,'2019-07-24 15:24:41'),
(2011,9,1,'6','39',NULL,0,NULL,'2019-07-24 15:24:41'),
(2012,9,1,'6','40',NULL,0,NULL,'2019-07-24 15:24:41'),
(2013,9,1,'6','41',NULL,0,NULL,'2019-07-24 15:24:41'),
(2014,9,1,'8','26',NULL,1,NULL,'2019-07-24 15:24:41'),
(2015,9,1,'8','27',NULL,1,NULL,'2019-07-24 15:24:41'),
(2016,9,1,'8','28',NULL,1,NULL,'2019-07-24 15:24:41'),
(2017,9,1,'8','38',NULL,1,NULL,'2019-07-24 15:24:41'),
(2018,9,1,'9','29',NULL,1,NULL,'2019-07-24 15:24:41'),
(2019,9,1,'9','30',NULL,1,NULL,'2019-07-24 15:24:41'),
(2020,9,1,'9','31',NULL,1,NULL,'2019-07-24 15:24:41'),
(2021,9,1,'9','43',NULL,1,NULL,'2019-07-24 15:24:41'),
(2022,9,1,'11','44',NULL,1,NULL,'2019-07-24 15:24:41'),
(2023,9,1,'11','45',NULL,1,NULL,'2019-07-24 15:24:41'),
(2024,9,1,'15','48',NULL,1,NULL,'2019-07-24 15:24:41'),
(2025,9,1,'15','50',NULL,1,NULL,'2019-07-24 15:24:41'),
(2026,9,1,'15','51',NULL,1,NULL,'2019-07-24 15:24:41'),
(2027,9,1,'16','49',NULL,0,NULL,'2019-07-24 15:24:41'),
(2028,9,1,'16','54',NULL,0,NULL,'2019-07-24 15:24:41'),
(2029,9,1,'17','53',NULL,0,NULL,'2019-07-24 15:24:41'),
(2030,9,1,'18','56',NULL,1,NULL,'2019-07-24 15:24:41'),
(2031,10,1,'1','1',NULL,0,NULL,'2019-07-24 15:24:41'),
(2032,10,1,'1','2',NULL,0,NULL,'2019-07-24 15:24:41'),
(2033,10,1,'1','3',NULL,0,NULL,'2019-07-24 15:24:41'),
(2034,10,1,'1','4',NULL,0,NULL,'2019-07-24 15:24:41'),
(2035,10,1,'2','5',NULL,0,NULL,'2019-07-24 15:24:41'),
(2036,10,1,'2','6',NULL,0,NULL,'2019-07-24 15:24:41'),
(2037,10,1,'2','7',NULL,0,NULL,'2019-07-24 15:24:41'),
(2038,10,1,'2','8',NULL,0,NULL,'2019-07-24 15:24:41'),
(2039,10,1,'2','11',NULL,0,NULL,'2019-07-24 15:24:41'),
(2040,10,1,'3','14',NULL,0,NULL,'2019-07-24 15:24:41'),
(2041,10,1,'3','15',NULL,1,NULL,'2019-07-24 15:24:41'),
(2042,10,1,'3','32',NULL,0,NULL,'2019-07-24 15:24:41'),
(2043,10,1,'3','33',NULL,0,NULL,'2019-07-24 15:24:41'),
(2044,10,1,'3','34',NULL,0,NULL,'2019-07-24 15:24:41'),
(2045,10,1,'3','35',NULL,0,NULL,'2019-07-24 15:24:41'),
(2046,10,1,'3','37',NULL,0,NULL,'2019-07-24 15:24:41'),
(2047,10,1,'3','52',NULL,0,NULL,'2019-07-24 15:24:41'),
(2048,10,1,'3','55',NULL,0,NULL,'2019-07-24 15:24:41'),
(2049,10,1,'5','18',NULL,0,NULL,'2019-07-24 15:24:41'),
(2050,10,1,'5','19',NULL,0,NULL,'2019-07-24 15:24:41'),
(2051,10,1,'5','20',NULL,0,NULL,'2019-07-24 15:24:41'),
(2052,10,1,'5','21',NULL,0,NULL,'2019-07-24 15:24:41'),
(2053,10,1,'5','22',NULL,0,NULL,'2019-07-24 15:24:41'),
(2054,10,1,'5','23',NULL,0,NULL,'2019-07-24 15:24:41'),
(2055,10,1,'5','24',NULL,0,NULL,'2019-07-24 15:24:41'),
(2056,10,1,'5','25',NULL,0,NULL,'2019-07-24 15:24:41'),
(2057,10,1,'6','12',NULL,0,NULL,'2019-07-24 15:24:41'),
(2058,10,1,'6','39',NULL,0,NULL,'2019-07-24 15:24:41'),
(2059,10,1,'6','40',NULL,0,NULL,'2019-07-24 15:24:41'),
(2060,10,1,'6','41',NULL,0,NULL,'2019-07-24 15:24:41'),
(2061,10,1,'8','26',NULL,0,NULL,'2019-07-24 15:24:41'),
(2062,10,1,'8','27',NULL,0,NULL,'2019-07-24 15:24:41'),
(2063,10,1,'8','28',NULL,0,NULL,'2019-07-24 15:24:41'),
(2064,10,1,'8','38',NULL,0,NULL,'2019-07-24 15:24:41'),
(2065,10,1,'9','29',NULL,1,NULL,'2019-07-24 15:24:41'),
(2066,10,1,'9','30',NULL,1,NULL,'2019-07-24 15:24:41'),
(2067,10,1,'9','31',NULL,1,NULL,'2019-07-24 15:24:41'),
(2068,10,1,'9','43',NULL,1,NULL,'2019-07-24 15:24:41'),
(2069,10,1,'11','44',NULL,0,NULL,'2019-07-24 15:24:41'),
(2070,10,1,'11','45',NULL,0,NULL,'2019-07-24 15:24:41'),
(2071,10,1,'15','48',NULL,0,NULL,'2019-07-24 15:24:41'),
(2072,10,1,'15','50',NULL,0,NULL,'2019-07-24 15:24:41'),
(2073,10,1,'15','51',NULL,0,NULL,'2019-07-24 15:24:41'),
(2074,10,1,'16','49',NULL,0,NULL,'2019-07-24 15:24:41'),
(2075,10,1,'16','54',NULL,0,NULL,'2019-07-24 15:24:41'),
(2076,10,1,'17','53',NULL,0,NULL,'2019-07-24 15:24:41'),
(2077,10,1,'18','56',NULL,1,NULL,'2019-07-24 15:24:41'),
(2078,10,2,'1','1',NULL,0,NULL,'2019-07-24 15:24:41'),
(2079,10,2,'1','2',NULL,0,NULL,'2019-07-24 15:24:41'),
(2080,10,2,'1','3',NULL,0,NULL,'2019-07-24 15:24:41'),
(2081,10,2,'1','4',NULL,0,NULL,'2019-07-24 15:24:41'),
(2082,10,2,'2','5',NULL,0,NULL,'2019-07-24 15:24:41'),
(2083,10,2,'2','6',NULL,0,NULL,'2019-07-24 15:24:41'),
(2084,10,2,'2','7',NULL,0,NULL,'2019-07-24 15:24:41'),
(2085,10,2,'2','8',NULL,0,NULL,'2019-07-24 15:24:41'),
(2086,10,2,'2','11',NULL,0,NULL,'2019-07-24 15:24:41'),
(2087,10,2,'3','14',NULL,0,NULL,'2019-07-24 15:24:41'),
(2088,10,2,'3','15',NULL,1,NULL,'2019-07-24 15:24:41'),
(2089,10,2,'3','32',NULL,0,NULL,'2019-07-24 15:24:41'),
(2090,10,2,'3','33',NULL,0,NULL,'2019-07-24 15:24:41'),
(2091,10,2,'3','34',NULL,0,NULL,'2019-07-24 15:24:41'),
(2092,10,2,'3','35',NULL,0,NULL,'2019-07-24 15:24:41'),
(2093,10,2,'3','37',NULL,0,NULL,'2019-07-24 15:24:41'),
(2094,10,2,'3','52',NULL,0,NULL,'2019-07-24 15:24:41'),
(2095,10,2,'3','55',NULL,0,NULL,'2019-07-24 15:24:41'),
(2096,10,2,'5','18',NULL,0,NULL,'2019-07-24 15:24:41'),
(2097,10,2,'5','19',NULL,0,NULL,'2019-07-24 15:24:41'),
(2098,10,2,'5','20',NULL,0,NULL,'2019-07-24 15:24:41'),
(2099,10,2,'5','21',NULL,0,NULL,'2019-07-24 15:24:41'),
(2100,10,2,'5','22',NULL,0,NULL,'2019-07-24 15:24:41'),
(2101,10,2,'5','23',NULL,0,NULL,'2019-07-24 15:24:41'),
(2102,10,2,'5','24',NULL,0,NULL,'2019-07-24 15:24:41'),
(2103,10,2,'5','25',NULL,0,NULL,'2019-07-24 15:24:41'),
(2104,10,2,'6','12',NULL,0,NULL,'2019-07-24 15:24:41'),
(2105,10,2,'6','39',NULL,0,NULL,'2019-07-24 15:24:41'),
(2106,10,2,'6','40',NULL,0,NULL,'2019-07-24 15:24:41'),
(2107,10,2,'6','41',NULL,0,NULL,'2019-07-24 15:24:41'),
(2108,10,2,'8','26',NULL,0,NULL,'2019-07-24 15:24:41'),
(2109,10,2,'8','27',NULL,0,NULL,'2019-07-24 15:24:41'),
(2110,10,2,'8','28',NULL,0,NULL,'2019-07-24 15:24:41'),
(2111,10,2,'8','38',NULL,0,NULL,'2019-07-24 15:24:41'),
(2112,10,2,'9','29',NULL,1,NULL,'2019-07-24 15:24:41'),
(2113,10,2,'9','30',NULL,1,NULL,'2019-07-24 15:24:41'),
(2114,10,2,'9','31',NULL,1,NULL,'2019-07-24 15:24:41'),
(2115,10,2,'9','43',NULL,1,NULL,'2019-07-24 15:24:41'),
(2116,10,2,'10','253',NULL,0,NULL,'2019-07-24 15:24:41'),
(2117,10,2,'11','44',NULL,0,NULL,'2019-07-24 15:24:41'),
(2118,10,2,'11','45',NULL,0,NULL,'2019-07-24 15:24:41'),
(2119,10,2,'15','48',NULL,0,NULL,'2019-07-24 15:24:41'),
(2120,10,2,'15','50',NULL,0,NULL,'2019-07-24 15:24:41'),
(2121,10,2,'15','51',NULL,0,NULL,'2019-07-24 15:24:41'),
(2122,10,2,'16','49',NULL,0,NULL,'2019-07-24 15:24:41'),
(2123,10,2,'16','54',NULL,0,NULL,'2019-07-24 15:24:41'),
(2124,10,2,'17','53',NULL,0,NULL,'2019-07-24 15:24:41'),
(2125,10,2,'18','56',NULL,1,NULL,'2019-07-24 15:24:41'),
(2126,11,3,'1','1',NULL,0,'2019-07-24 15:38:57','2019-07-24 15:24:41'),
(2127,11,3,'1','2',NULL,0,'2019-07-24 15:38:57','2019-07-24 15:24:41'),
(2128,11,3,'1','3',NULL,0,'2019-07-24 15:38:57','2019-07-24 15:24:41'),
(2129,11,3,'1','4',NULL,0,'2019-07-24 15:38:57','2019-07-24 15:24:41'),
(2130,11,3,'2','5',NULL,0,'2019-07-24 15:38:57','2019-07-24 15:24:41'),
(2131,11,3,'2','6',NULL,0,'2019-07-24 15:38:57','2019-07-24 15:24:41'),
(2132,11,3,'2','7',NULL,0,'2019-07-24 15:38:57','2019-07-24 15:24:41'),
(2133,11,3,'2','8',NULL,0,'2019-07-24 15:38:57','2019-07-24 15:24:41'),
(2134,11,3,'2','11',NULL,0,'2019-07-24 15:38:57','2019-07-24 15:24:41'),
(2135,11,3,'3','14',NULL,1,'2019-07-24 15:38:57','2019-07-24 15:24:41'),
(2136,11,3,'3','15',NULL,0,'2019-07-24 15:38:57','2019-07-24 15:24:41'),
(2137,11,3,'3','32',NULL,0,'2019-07-24 15:38:57','2019-07-24 15:24:41'),
(2138,11,3,'3','33',NULL,0,'2019-07-24 15:38:57','2019-07-24 15:24:41'),
(2139,11,3,'3','34',NULL,0,'2019-07-24 15:38:57','2019-07-24 15:24:41'),
(2140,11,3,'3','35',NULL,0,'2019-07-24 15:38:57','2019-07-24 15:24:41'),
(2141,11,3,'3','37',NULL,0,'2019-07-24 15:38:57','2019-07-24 15:24:41'),
(2142,11,3,'3','52',NULL,0,'2019-07-24 15:38:57','2019-07-24 15:24:41'),
(2143,11,3,'3','55',NULL,0,'2019-07-24 15:38:57','2019-07-24 15:24:41'),
(2144,11,3,'5','18',NULL,0,'2019-07-24 15:38:57','2019-07-24 15:24:41'),
(2145,11,3,'5','19',NULL,0,'2019-07-24 15:38:57','2019-07-24 15:24:41'),
(2146,11,3,'5','20',NULL,0,'2019-07-24 15:38:57','2019-07-24 15:24:41'),
(2147,11,3,'5','21',NULL,0,'2019-07-24 15:38:57','2019-07-24 15:24:41'),
(2148,11,3,'5','22',NULL,0,'2019-07-24 15:38:57','2019-07-24 15:24:41'),
(2149,11,3,'5','23',NULL,0,'2019-07-24 15:38:57','2019-07-24 15:24:41'),
(2150,11,3,'5','24',NULL,0,'2019-07-24 15:38:57','2019-07-24 15:24:41'),
(2151,11,3,'5','25',NULL,0,'2019-07-24 15:38:57','2019-07-24 15:24:41'),
(2152,11,3,'6','12',NULL,0,'2019-07-24 15:38:57','2019-07-24 15:24:41'),
(2153,11,3,'6','39',NULL,0,'2019-07-24 15:38:57','2019-07-24 15:24:41'),
(2154,11,3,'6','40',NULL,0,'2019-07-24 15:38:57','2019-07-24 15:24:41'),
(2155,11,3,'6','41',NULL,0,'2019-07-24 15:38:57','2019-07-24 15:24:41'),
(2156,11,3,'8','26',NULL,0,'2019-07-24 15:38:57','2019-07-24 15:24:41'),
(2157,11,3,'8','27',NULL,0,'2019-07-24 15:38:57','2019-07-24 15:24:41'),
(2158,11,3,'8','28',NULL,0,'2019-07-24 15:38:57','2019-07-24 15:24:41'),
(2159,11,3,'8','38',NULL,0,'2019-07-24 15:38:57','2019-07-24 15:24:41'),
(2160,11,3,'9','29',NULL,0,'2019-07-24 15:38:57','2019-07-24 15:24:41'),
(2161,11,3,'9','30',NULL,0,'2019-07-24 15:38:57','2019-07-24 15:24:41'),
(2162,11,3,'9','31',NULL,0,'2019-07-24 15:38:57','2019-07-24 15:24:41'),
(2163,11,3,'9','43',NULL,0,'2019-07-24 15:38:57','2019-07-24 15:24:41'),
(2164,11,3,'11','44',NULL,0,'2019-07-24 15:38:57','2019-07-24 15:24:41'),
(2165,11,3,'11','45',NULL,0,'2019-07-24 15:38:57','2019-07-24 15:24:41'),
(2166,11,3,'15','48',NULL,0,'2019-07-24 15:38:57','2019-07-24 15:24:41'),
(2167,11,3,'15','50',NULL,0,'2019-07-24 15:38:57','2019-07-24 15:24:41'),
(2168,11,3,'15','51',NULL,0,'2019-07-24 15:38:57','2019-07-24 15:24:41'),
(2169,11,3,'16','49',NULL,0,'2019-07-24 15:38:57','2019-07-24 15:24:41'),
(2170,11,3,'16','54',NULL,0,'2019-07-24 15:38:57','2019-07-24 15:24:41'),
(2171,11,3,'17','53',NULL,0,'2019-07-24 15:38:57','2019-07-24 15:24:41'),
(2173,12,2,'1','1',NULL,0,NULL,'2019-07-24 15:24:41'),
(2174,12,2,'1','2',NULL,0,NULL,'2019-07-24 15:24:41'),
(2175,12,2,'1','3',NULL,0,NULL,'2019-07-24 15:24:41'),
(2176,12,2,'1','4',NULL,0,NULL,'2019-07-24 15:24:41'),
(2177,12,2,'2','5',NULL,0,NULL,'2019-07-24 15:24:41'),
(2178,12,2,'2','6',NULL,0,NULL,'2019-07-24 15:24:41'),
(2179,12,2,'2','7',NULL,0,NULL,'2019-07-24 15:24:41'),
(2180,12,2,'2','8',NULL,0,NULL,'2019-07-24 15:24:41'),
(2181,12,2,'2','11',NULL,0,NULL,'2019-07-24 15:24:41'),
(2182,12,2,'3','14',NULL,0,NULL,'2019-07-24 15:24:41'),
(2183,12,2,'3','15',NULL,0,NULL,'2019-07-24 15:24:41'),
(2184,12,2,'3','32',NULL,0,NULL,'2019-07-24 15:24:41'),
(2185,12,2,'3','33',NULL,0,NULL,'2019-07-24 15:24:41'),
(2186,12,2,'3','34',NULL,0,NULL,'2019-07-24 15:24:41'),
(2187,12,2,'3','35',NULL,0,NULL,'2019-07-24 15:24:41'),
(2188,12,2,'3','37',NULL,0,NULL,'2019-07-24 15:24:41'),
(2189,12,2,'3','52',NULL,0,NULL,'2019-07-24 15:24:41'),
(2190,12,2,'3','55',NULL,0,NULL,'2019-07-24 15:24:41'),
(2191,12,2,'5','18',NULL,0,NULL,'2019-07-24 15:24:41'),
(2192,12,2,'5','19',NULL,0,NULL,'2019-07-24 15:24:41'),
(2193,12,2,'5','20',NULL,0,NULL,'2019-07-24 15:24:41'),
(2194,12,2,'5','21',NULL,0,NULL,'2019-07-24 15:24:41'),
(2195,12,2,'5','22',NULL,0,NULL,'2019-07-24 15:24:41'),
(2196,12,2,'5','23',NULL,0,NULL,'2019-07-24 15:24:41'),
(2197,12,2,'5','24',NULL,0,NULL,'2019-07-24 15:24:41'),
(2198,12,2,'5','25',NULL,0,NULL,'2019-07-24 15:24:41'),
(2199,12,2,'6','12',NULL,0,NULL,'2019-07-24 15:24:41'),
(2200,12,2,'6','39',NULL,0,NULL,'2019-07-24 15:24:41'),
(2201,12,2,'6','40',NULL,0,NULL,'2019-07-24 15:24:41'),
(2202,12,2,'6','41',NULL,0,NULL,'2019-07-24 15:24:41'),
(2203,12,2,'8','26',NULL,1,NULL,'2019-07-24 15:24:41'),
(2204,12,2,'8','27',NULL,1,NULL,'2019-07-24 15:24:41'),
(2205,12,2,'8','28',NULL,1,NULL,'2019-07-24 15:24:41'),
(2206,12,2,'8','38',NULL,1,NULL,'2019-07-24 15:24:41'),
(2207,12,2,'9','29',NULL,1,NULL,'2019-07-24 15:24:41'),
(2208,12,2,'9','30',NULL,1,NULL,'2019-07-24 15:24:41'),
(2209,12,2,'9','31',NULL,1,NULL,'2019-07-24 15:24:41'),
(2210,12,2,'9','43',NULL,1,NULL,'2019-07-24 15:24:41'),
(2211,12,2,'10','253',NULL,0,NULL,'2019-07-24 15:24:41'),
(2212,12,2,'11','44',NULL,0,NULL,'2019-07-24 15:24:41'),
(2213,12,2,'11','45',NULL,0,NULL,'2019-07-24 15:24:41'),
(2214,12,2,'15','48',NULL,0,NULL,'2019-07-24 15:24:41'),
(2215,12,2,'15','50',NULL,0,NULL,'2019-07-24 15:24:41'),
(2216,12,2,'15','51',NULL,0,NULL,'2019-07-24 15:24:41'),
(2217,12,2,'16','49',NULL,0,NULL,'2019-07-24 15:24:41'),
(2218,12,2,'16','54',NULL,0,NULL,'2019-07-24 15:24:41'),
(2219,12,2,'17','53',NULL,0,NULL,'2019-07-24 15:24:41'),
(2220,12,2,'18','56',NULL,1,NULL,'2019-07-24 15:24:41'),
(2226,13,4,'8','254',NULL,1,'2019-07-25 16:04:12','2019-07-24 15:24:41'),
(2227,1,0,'8','254',NULL,1,'2019-07-24 16:57:06','2019-07-24 15:24:41'),
(2228,1,0,'10','253',NULL,0,'2019-07-24 16:57:06','2019-07-24 15:24:41'),
(2229,1,0,'17','227',NULL,0,'2019-07-24 16:57:06','2019-07-24 15:24:41'),
(2250,13,4,'17','256',NULL,0,'2019-07-25 16:04:12','2019-07-24 15:24:41'),
(2258,7,0,'3','55',NULL,0,NULL,'2019-07-24 15:24:41'),
(2259,7,0,'8','254',NULL,0,NULL,'2019-07-24 15:24:41'),
(2260,7,0,'10','253',NULL,0,NULL,'2019-07-24 15:24:41'),
(2261,7,0,'16','54',NULL,0,NULL,'2019-07-24 15:24:41'),
(2262,7,0,'17','256',NULL,0,NULL,'2019-07-24 15:24:41'),
(2263,7,0,'17','227',NULL,0,NULL,'2019-07-24 15:24:41'),
(2264,7,0,'17','258',NULL,0,NULL,'2019-07-24 15:24:41'),
(2265,7,0,'18','56',NULL,1,NULL,'2019-07-24 15:24:41'),
(2266,13,4,'2','5',NULL,0,NULL,'2019-07-24 15:24:41'),
(2267,13,4,'2','6',NULL,0,NULL,'2019-07-24 15:24:41'),
(2268,13,4,'2','7',NULL,0,NULL,'2019-07-24 15:24:41'),
(2269,13,4,'2','8',NULL,0,NULL,'2019-07-24 15:24:41'),
(2270,13,4,'2','11',NULL,0,NULL,'2019-07-24 15:24:41'),
(2272,13,4,'17','259',NULL,1,'2019-07-25 16:04:12','2019-07-24 15:24:41'),
(2273,1,0,'17','256',NULL,1,'2019-07-24 16:57:06','2019-07-24 15:24:41'),
(2274,1,0,'17','259',NULL,1,'2019-07-24 16:57:06','2019-07-24 15:24:41'),
(2275,1,0,'17','258',NULL,1,'2019-07-24 16:57:06','2019-07-24 15:24:41'),
(2276,11,3,'18','197',NULL,1,'2019-07-24 19:14:19','2019-07-24 15:38:57'),
(2277,1,0,'1','',NULL,1,'2019-07-24 16:52:06','2019-07-24 16:40:11'),
(2278,1,0,'2','',NULL,1,'2019-07-24 16:52:06','2019-07-24 16:40:11'),
(2279,1,0,'3','',NULL,1,'2019-07-24 16:52:06','2019-07-24 16:40:11'),
(2280,1,0,'5','',NULL,1,'2019-07-24 16:52:06','2019-07-24 16:40:11'),
(2281,1,0,'6','',NULL,1,'2019-07-24 16:52:06','2019-07-24 16:40:11'),
(2282,1,0,'8','',NULL,1,'2019-07-24 16:52:06','2019-07-24 16:40:11'),
(2283,1,0,'9','',NULL,1,'2019-07-24 16:52:06','2019-07-24 16:40:11'),
(2284,1,0,'10','',NULL,0,'2019-07-24 16:52:06','2019-07-24 16:40:11'),
(2285,1,0,'11','',NULL,1,'2019-07-24 16:52:06','2019-07-24 16:40:11'),
(2286,1,0,'15','',NULL,1,'2019-07-24 16:52:06','2019-07-24 16:40:11'),
(2287,1,0,'16','',NULL,1,'2019-07-24 16:52:06','2019-07-24 16:40:11'),
(2288,1,0,'17','',NULL,1,'2019-07-24 16:52:06','2019-07-24 16:40:11'),
(2289,1,0,'18','',NULL,1,'2019-07-24 16:52:06','2019-07-24 16:40:11'),
(2290,1,0,'1','57',NULL,1,'2019-07-24 16:57:06','2019-07-24 16:57:06'),
(2291,1,0,'1','58',NULL,1,'2019-07-24 16:57:06','2019-07-24 16:57:06'),
(2292,1,0,'1','59',NULL,1,'2019-07-24 16:57:06','2019-07-24 16:57:06'),
(2293,1,0,'1','60',NULL,1,'2019-07-24 16:57:06','2019-07-24 16:57:06'),
(2294,1,0,'1','104',NULL,1,'2019-07-24 16:57:06','2019-07-24 16:57:06'),
(2295,1,0,'1','105',NULL,1,'2019-07-24 16:57:06','2019-07-24 16:57:06'),
(2296,1,0,'1','106',NULL,1,'2019-07-24 16:57:06','2019-07-24 16:57:06'),
(2297,1,0,'1','107',NULL,1,'2019-07-24 16:57:06','2019-07-24 16:57:06'),
(2298,1,0,'1','151',NULL,1,'2019-07-24 16:57:06','2019-07-24 16:57:06'),
(2299,1,0,'1','152',NULL,1,'2019-07-24 16:57:06','2019-07-24 16:57:06'),
(2300,1,0,'1','153',NULL,1,'2019-07-24 16:57:06','2019-07-24 16:57:06'),
(2301,1,0,'1','154',NULL,1,'2019-07-24 16:57:06','2019-07-24 16:57:06'),
(2302,1,0,'1','198',NULL,1,'2019-07-24 16:57:06','2019-07-24 16:57:06'),
(2303,1,0,'1','199',NULL,1,'2019-07-24 16:57:06','2019-07-24 16:57:06'),
(2304,1,0,'1','200',NULL,1,'2019-07-24 16:57:06','2019-07-24 16:57:06'),
(2305,1,0,'1','201',NULL,1,'2019-07-24 16:57:06','2019-07-24 16:57:06'),
(2306,1,0,'1','228',NULL,1,'2019-07-24 16:57:06','2019-07-24 16:57:06'),
(2307,1,0,'1','229',NULL,1,'2019-07-24 16:57:06','2019-07-24 16:57:06'),
(2308,1,0,'1','230',NULL,1,'2019-07-24 16:57:06','2019-07-24 16:57:06'),
(2309,1,0,'1','231',NULL,1,'2019-07-24 16:57:06','2019-07-24 16:57:06'),
(2310,1,0,'2','61',NULL,1,'2019-07-24 16:57:06','2019-07-24 16:57:06'),
(2311,1,0,'2','62',NULL,1,'2019-07-24 16:57:06','2019-07-24 16:57:06'),
(2312,1,0,'2','63',NULL,1,'2019-07-24 16:57:06','2019-07-24 16:57:07'),
(2313,1,0,'2','64',NULL,1,'2019-07-24 16:57:06','2019-07-24 16:57:07'),
(2314,1,0,'2','65',NULL,1,'2019-07-24 16:57:06','2019-07-24 16:57:07'),
(2315,1,0,'2','108',NULL,1,'2019-07-24 16:57:06','2019-07-24 16:57:07'),
(2316,1,0,'2','109',NULL,1,'2019-07-24 16:57:06','2019-07-24 16:57:07'),
(2317,1,0,'2','110',NULL,1,'2019-07-24 16:57:06','2019-07-24 16:57:07'),
(2318,1,0,'2','111',NULL,1,'2019-07-24 16:57:06','2019-07-24 16:57:07'),
(2319,1,0,'2','112',NULL,1,'2019-07-24 16:57:06','2019-07-24 16:57:07'),
(2320,1,0,'2','155',NULL,1,'2019-07-24 16:57:06','2019-07-24 16:57:07'),
(2321,1,0,'2','156',NULL,1,'2019-07-24 16:57:06','2019-07-24 16:57:07'),
(2322,1,0,'2','157',NULL,1,'2019-07-24 16:57:06','2019-07-24 16:57:07'),
(2323,1,0,'2','158',NULL,1,'2019-07-24 16:57:06','2019-07-24 16:57:07'),
(2324,1,0,'2','159',NULL,1,'2019-07-24 16:57:06','2019-07-24 16:57:07'),
(2325,1,0,'2','202',NULL,1,'2019-07-24 16:57:06','2019-07-24 16:57:07'),
(2326,1,0,'2','203',NULL,1,'2019-07-24 16:57:06','2019-07-24 16:57:07'),
(2327,1,0,'2','204',NULL,1,'2019-07-24 16:57:06','2019-07-24 16:57:07'),
(2328,1,0,'2','205',NULL,1,'2019-07-24 16:57:06','2019-07-24 16:57:07'),
(2329,1,0,'2','206',NULL,1,'2019-07-24 16:57:06','2019-07-24 16:57:07'),
(2330,1,0,'2','232',NULL,1,'2019-07-24 16:57:06','2019-07-24 16:57:07'),
(2331,1,0,'2','233',NULL,1,'2019-07-24 16:57:06','2019-07-24 16:57:07'),
(2332,1,0,'2','234',NULL,1,'2019-07-24 16:57:06','2019-07-24 16:57:07'),
(2333,1,0,'2','235',NULL,1,'2019-07-24 16:57:06','2019-07-24 16:57:07'),
(2334,1,0,'2','236',NULL,1,'2019-07-24 16:57:06','2019-07-24 16:57:07'),
(2335,1,0,'3','67',NULL,1,'2019-07-24 16:57:06','2019-07-24 16:57:07'),
(2336,1,0,'3','68',NULL,1,'2019-07-24 16:57:06','2019-07-24 16:57:07'),
(2337,1,0,'3','83',NULL,1,'2019-07-24 16:57:06','2019-07-24 16:57:07'),
(2338,1,0,'3','84',NULL,1,'2019-07-24 16:57:06','2019-07-24 16:57:07'),
(2339,1,0,'3','85',NULL,1,'2019-07-24 16:57:06','2019-07-24 16:57:07'),
(2340,1,0,'3','86',NULL,1,'2019-07-24 16:57:06','2019-07-24 16:57:07'),
(2341,1,0,'3','87',NULL,1,'2019-07-24 16:57:06','2019-07-24 16:57:07'),
(2342,1,0,'3','99',NULL,1,'2019-07-24 16:57:06','2019-07-24 16:57:07'),
(2343,1,0,'3','102',NULL,1,'2019-07-24 16:57:06','2019-07-24 16:57:07'),
(2344,1,0,'3','114',NULL,1,'2019-07-24 16:57:06','2019-07-24 16:57:07'),
(2345,1,0,'3','115',NULL,1,'2019-07-24 16:57:06','2019-07-24 16:57:07'),
(2346,1,0,'3','130',NULL,1,'2019-07-24 16:57:06','2019-07-24 16:57:07'),
(2347,1,0,'3','131',NULL,1,'2019-07-24 16:57:06','2019-07-24 16:57:07'),
(2348,1,0,'3','132',NULL,1,'2019-07-24 16:57:06','2019-07-24 16:57:07'),
(2349,1,0,'3','133',NULL,1,'2019-07-24 16:57:06','2019-07-24 16:57:07'),
(2350,1,0,'3','134',NULL,1,'2019-07-24 16:57:06','2019-07-24 16:57:07'),
(2351,1,0,'3','146',NULL,1,'2019-07-24 16:57:06','2019-07-24 16:57:07'),
(2352,1,0,'3','149',NULL,1,'2019-07-24 16:57:06','2019-07-24 16:57:07'),
(2353,1,0,'3','161',NULL,1,'2019-07-24 16:57:06','2019-07-24 16:57:07'),
(2354,1,0,'3','162',NULL,1,'2019-07-24 16:57:06','2019-07-24 16:57:07'),
(2355,1,0,'3','177',NULL,1,'2019-07-24 16:57:06','2019-07-24 16:57:07'),
(2356,1,0,'3','178',NULL,1,'2019-07-24 16:57:06','2019-07-24 16:57:07'),
(2357,1,0,'3','179',NULL,1,'2019-07-24 16:57:06','2019-07-24 16:57:07'),
(2358,1,0,'3','180',NULL,1,'2019-07-24 16:57:06','2019-07-24 16:57:07'),
(2359,1,0,'3','181',NULL,1,'2019-07-24 16:57:06','2019-07-24 16:57:07'),
(2360,1,0,'3','193',NULL,1,'2019-07-24 16:57:06','2019-07-24 16:57:07'),
(2361,1,0,'3','196',NULL,1,'2019-07-24 16:57:06','2019-07-24 16:57:07'),
(2362,1,0,'3','208',NULL,1,'2019-07-24 16:57:06','2019-07-24 16:57:07'),
(2363,1,0,'3','220',NULL,1,'2019-07-24 16:57:06','2019-07-24 16:57:07'),
(2364,1,0,'3','221',NULL,1,'2019-07-24 16:57:06','2019-07-24 16:57:07'),
(2365,1,0,'3','237',NULL,1,'2019-07-24 16:57:06','2019-07-24 16:57:07'),
(2366,1,0,'3','238',NULL,1,'2019-07-24 16:57:06','2019-07-24 16:57:07'),
(2367,1,0,'3','247',NULL,1,'2019-07-24 16:57:06','2019-07-24 16:57:07'),
(2368,1,0,'3','248',NULL,1,'2019-07-24 16:57:06','2019-07-24 16:57:07'),
(2369,1,0,'3','250',NULL,1,'2019-07-24 16:57:06','2019-07-24 16:57:07'),
(2370,1,0,'3','252',NULL,1,'2019-07-24 16:57:06','2019-07-24 16:57:07'),
(2371,1,0,'3','255',NULL,1,'2019-07-24 16:57:06','2019-07-24 16:57:07'),
(2372,1,0,'5','69',NULL,1,'2019-07-24 16:57:06','2019-07-24 16:57:07'),
(2373,1,0,'5','70',NULL,1,'2019-07-24 16:57:06','2019-07-24 16:57:07'),
(2374,1,0,'5','71',NULL,1,'2019-07-24 16:57:06','2019-07-24 16:57:07'),
(2375,1,0,'5','72',NULL,1,'2019-07-24 16:57:06','2019-07-24 16:57:07'),
(2376,1,0,'5','73',NULL,1,'2019-07-24 16:57:06','2019-07-24 16:57:07'),
(2377,1,0,'5','74',NULL,1,'2019-07-24 16:57:06','2019-07-24 16:57:07'),
(2378,1,0,'5','75',NULL,1,'2019-07-24 16:57:06','2019-07-24 16:57:07'),
(2379,1,0,'5','76',NULL,1,'2019-07-24 16:57:06','2019-07-24 16:57:07'),
(2380,1,0,'5','116',NULL,1,'2019-07-24 16:57:06','2019-07-24 16:57:07'),
(2381,1,0,'5','117',NULL,1,'2019-07-24 16:57:06','2019-07-24 16:57:07'),
(2382,1,0,'5','118',NULL,1,'2019-07-24 16:57:06','2019-07-24 16:57:07'),
(2383,1,0,'5','119',NULL,1,'2019-07-24 16:57:06','2019-07-24 16:57:07'),
(2384,1,0,'5','120',NULL,1,'2019-07-24 16:57:06','2019-07-24 16:57:07'),
(2385,1,0,'5','121',NULL,1,'2019-07-24 16:57:06','2019-07-24 16:57:07'),
(2386,1,0,'5','122',NULL,1,'2019-07-24 16:57:06','2019-07-24 16:57:07'),
(2387,1,0,'5','123',NULL,1,'2019-07-24 16:57:06','2019-07-24 16:57:07'),
(2388,1,0,'5','163',NULL,1,'2019-07-24 16:57:06','2019-07-24 16:57:07'),
(2389,1,0,'5','164',NULL,1,'2019-07-24 16:57:06','2019-07-24 16:57:07'),
(2390,1,0,'5','165',NULL,1,'2019-07-24 16:57:06','2019-07-24 16:57:07'),
(2391,1,0,'5','166',NULL,1,'2019-07-24 16:57:06','2019-07-24 16:57:07'),
(2392,1,0,'5','167',NULL,1,'2019-07-24 16:57:06','2019-07-24 16:57:07'),
(2393,1,0,'5','168',NULL,1,'2019-07-24 16:57:06','2019-07-24 16:57:07'),
(2394,1,0,'5','169',NULL,1,'2019-07-24 16:57:06','2019-07-24 16:57:07'),
(2395,1,0,'5','170',NULL,1,'2019-07-24 16:57:06','2019-07-24 16:57:07'),
(2396,1,0,'5','239',NULL,1,'2019-07-24 16:57:06','2019-07-24 16:57:07'),
(2397,1,0,'5','240',NULL,1,'2019-07-24 16:57:06','2019-07-24 16:57:07'),
(2398,1,0,'5','241',NULL,1,'2019-07-24 16:57:06','2019-07-24 16:57:07'),
(2399,1,0,'5','242',NULL,1,'2019-07-24 16:57:06','2019-07-24 16:57:07'),
(2400,1,0,'5','243',NULL,1,'2019-07-24 16:57:06','2019-07-24 16:57:07'),
(2401,1,0,'5','244',NULL,1,'2019-07-24 16:57:06','2019-07-24 16:57:07'),
(2402,1,0,'5','245',NULL,1,'2019-07-24 16:57:06','2019-07-24 16:57:07'),
(2403,1,0,'5','246',NULL,1,'2019-07-24 16:57:06','2019-07-24 16:57:07'),
(2404,1,0,'6','66',NULL,1,'2019-07-24 16:57:06','2019-07-24 16:57:07'),
(2405,1,0,'6','89',NULL,1,'2019-07-24 16:57:06','2019-07-24 16:57:07'),
(2406,1,0,'6','90',NULL,1,'2019-07-24 16:57:06','2019-07-24 16:57:07'),
(2407,1,0,'6','91',NULL,1,'2019-07-24 16:57:06','2019-07-24 16:57:07'),
(2408,1,0,'6','113',NULL,1,'2019-07-24 16:57:06','2019-07-24 16:57:07'),
(2409,1,0,'6','136',NULL,1,'2019-07-24 16:57:06','2019-07-24 16:57:07'),
(2410,1,0,'6','137',NULL,1,'2019-07-24 16:57:06','2019-07-24 16:57:07'),
(2411,1,0,'6','138',NULL,1,'2019-07-24 16:57:06','2019-07-24 16:57:07'),
(2412,1,0,'6','160',NULL,1,'2019-07-24 16:57:06','2019-07-24 16:57:07'),
(2413,1,0,'6','183',NULL,1,'2019-07-24 16:57:06','2019-07-24 16:57:07'),
(2414,1,0,'6','184',NULL,1,'2019-07-24 16:57:06','2019-07-24 16:57:07'),
(2415,1,0,'6','185',NULL,1,'2019-07-24 16:57:06','2019-07-24 16:57:07'),
(2416,1,0,'8','77',NULL,1,'2019-07-24 16:57:06','2019-07-24 16:57:07'),
(2417,1,0,'8','78',NULL,1,'2019-07-24 16:57:06','2019-07-24 16:57:07'),
(2418,1,0,'8','79',NULL,1,'2019-07-24 16:57:06','2019-07-24 16:57:07'),
(2419,1,0,'8','88',NULL,1,'2019-07-24 16:57:06','2019-07-24 16:57:07'),
(2420,1,0,'8','124',NULL,1,'2019-07-24 16:57:06','2019-07-24 16:57:07'),
(2421,1,0,'8','125',NULL,1,'2019-07-24 16:57:06','2019-07-24 16:57:07'),
(2422,1,0,'8','126',NULL,1,'2019-07-24 16:57:06','2019-07-24 16:57:07'),
(2423,1,0,'8','135',NULL,1,'2019-07-24 16:57:06','2019-07-24 16:57:07'),
(2424,1,0,'8','171',NULL,1,'2019-07-24 16:57:06','2019-07-24 16:57:07'),
(2425,1,0,'8','172',NULL,1,'2019-07-24 16:57:06','2019-07-24 16:57:07'),
(2426,1,0,'8','173',NULL,1,'2019-07-24 16:57:06','2019-07-24 16:57:07'),
(2427,1,0,'8','182',NULL,1,'2019-07-24 16:57:06','2019-07-24 16:57:07'),
(2428,1,0,'9','80',NULL,1,'2019-07-24 16:57:06','2019-07-24 16:57:07'),
(2429,1,0,'9','81',NULL,1,'2019-07-24 16:57:06','2019-07-24 16:57:07'),
(2430,1,0,'9','82',NULL,1,'2019-07-24 16:57:06','2019-07-24 16:57:07'),
(2431,1,0,'9','92',NULL,1,'2019-07-24 16:57:06','2019-07-24 16:57:07'),
(2432,1,0,'9','127',NULL,1,'2019-07-24 16:57:06','2019-07-24 16:57:07'),
(2433,1,0,'9','128',NULL,1,'2019-07-24 16:57:06','2019-07-24 16:57:07'),
(2434,1,0,'9','129',NULL,1,'2019-07-24 16:57:06','2019-07-24 16:57:07'),
(2435,1,0,'9','139',NULL,1,'2019-07-24 16:57:06','2019-07-24 16:57:07'),
(2436,1,0,'9','174',NULL,1,'2019-07-24 16:57:06','2019-07-24 16:57:07'),
(2437,1,0,'9','175',NULL,1,'2019-07-24 16:57:06','2019-07-24 16:57:07'),
(2438,1,0,'9','176',NULL,1,'2019-07-24 16:57:06','2019-07-24 16:57:07'),
(2439,1,0,'9','186',NULL,1,'2019-07-24 16:57:06','2019-07-24 16:57:07'),
(2440,1,0,'9','217',NULL,1,'2019-07-24 16:57:06','2019-07-24 16:57:07'),
(2441,1,0,'9','218',NULL,1,'2019-07-24 16:57:06','2019-07-24 16:57:07'),
(2442,1,0,'9','219',NULL,1,'2019-07-24 16:57:06','2019-07-24 16:57:07'),
(2443,1,0,'11','93',NULL,1,'2019-07-24 16:57:06','2019-07-24 16:57:07'),
(2444,1,0,'11','94',NULL,1,'2019-07-24 16:57:06','2019-07-24 16:57:07'),
(2445,1,0,'11','140',NULL,1,'2019-07-24 16:57:06','2019-07-24 16:57:07'),
(2446,1,0,'11','141',NULL,1,'2019-07-24 16:57:06','2019-07-24 16:57:07'),
(2447,1,0,'11','187',NULL,1,'2019-07-24 16:57:06','2019-07-24 16:57:07'),
(2448,1,0,'11','188',NULL,1,'2019-07-24 16:57:06','2019-07-24 16:57:07'),
(2449,1,0,'15','95',NULL,1,'2019-07-24 16:57:06','2019-07-24 16:57:07'),
(2450,1,0,'15','97',NULL,1,'2019-07-24 16:57:06','2019-07-24 16:57:07'),
(2451,1,0,'15','98',NULL,1,'2019-07-24 16:57:06','2019-07-24 16:57:07'),
(2452,1,0,'15','142',NULL,1,'2019-07-24 16:57:06','2019-07-24 16:57:07'),
(2453,1,0,'15','144',NULL,1,'2019-07-24 16:57:06','2019-07-24 16:57:07'),
(2454,1,0,'15','145',NULL,1,'2019-07-24 16:57:06','2019-07-24 16:57:07'),
(2455,1,0,'15','189',NULL,1,'2019-07-24 16:57:06','2019-07-24 16:57:07'),
(2456,1,0,'15','191',NULL,1,'2019-07-24 16:57:06','2019-07-24 16:57:07'),
(2457,1,0,'15','192',NULL,1,'2019-07-24 16:57:06','2019-07-24 16:57:07'),
(2458,1,0,'16','96',NULL,1,'2019-07-24 16:57:06','2019-07-24 16:57:07'),
(2459,1,0,'16','101',NULL,1,'2019-07-24 16:57:06','2019-07-24 16:57:07'),
(2460,1,0,'16','143',NULL,1,'2019-07-24 16:57:06','2019-07-24 16:57:07'),
(2461,1,0,'16','148',NULL,1,'2019-07-24 16:57:06','2019-07-24 16:57:07'),
(2462,1,0,'16','190',NULL,1,'2019-07-24 16:57:06','2019-07-24 16:57:07'),
(2463,1,0,'16','195',NULL,1,'2019-07-24 16:57:06','2019-07-24 16:57:07'),
(2464,1,0,'16','249',NULL,1,'2019-07-24 16:57:06','2019-07-24 16:57:07'),
(2465,1,0,'16','251',NULL,1,'2019-07-24 16:57:06','2019-07-24 16:57:07'),
(2466,1,0,'17','100',NULL,1,'2019-07-24 16:57:06','2019-07-24 16:57:07'),
(2467,1,0,'17','147',NULL,1,'2019-07-24 16:57:06','2019-07-24 16:57:07'),
(2468,1,0,'17','194',NULL,1,'2019-07-24 16:57:06','2019-07-24 16:57:07'),
(2469,1,0,'17','225',NULL,1,'2019-07-24 16:57:06','2019-07-24 16:57:07'),
(2470,1,0,'18','103',NULL,1,'2019-07-24 16:57:06','2019-07-24 16:57:07'),
(2471,1,0,'18','150',NULL,1,'2019-07-24 16:57:06','2019-07-24 16:57:07'),
(2472,1,0,'18','197',NULL,1,'2019-07-24 16:57:06','2019-07-24 16:57:07'),
(2473,1,0,'18','226',NULL,1,'2019-07-24 16:57:06','2019-07-24 16:57:07'),
(2474,11,3,'1','151',NULL,0,'2019-07-24 19:14:19','2019-07-24 19:14:19'),
(2475,11,3,'1','152',NULL,0,'2019-07-24 19:14:19','2019-07-24 19:14:19'),
(2476,11,3,'1','153',NULL,0,'2019-07-24 19:14:19','2019-07-24 19:14:19'),
(2477,11,3,'1','154',NULL,0,'2019-07-24 19:14:19','2019-07-24 19:14:19'),
(2478,11,3,'2','155',NULL,0,'2019-07-24 19:14:19','2019-07-24 19:14:19'),
(2479,11,3,'2','156',NULL,0,'2019-07-24 19:14:19','2019-07-24 19:14:19'),
(2480,11,3,'2','157',NULL,0,'2019-07-24 19:14:19','2019-07-24 19:14:19'),
(2481,11,3,'2','158',NULL,0,'2019-07-24 19:14:19','2019-07-24 19:14:19'),
(2482,11,3,'2','159',NULL,0,'2019-07-24 19:14:19','2019-07-24 19:14:19'),
(2483,11,3,'3','161',NULL,1,'2019-07-24 19:14:19','2019-07-24 19:14:19'),
(2484,11,3,'3','162',NULL,0,'2019-07-24 19:14:19','2019-07-24 19:14:19'),
(2485,11,3,'3','177',NULL,0,'2019-07-24 19:14:19','2019-07-24 19:14:19'),
(2486,11,3,'3','178',NULL,0,'2019-07-24 19:14:19','2019-07-24 19:14:19'),
(2487,11,3,'3','179',NULL,0,'2019-07-24 19:14:19','2019-07-24 19:14:19'),
(2488,11,3,'3','180',NULL,0,'2019-07-24 19:14:19','2019-07-24 19:14:19'),
(2489,11,3,'3','181',NULL,0,'2019-07-24 19:14:19','2019-07-24 19:14:19'),
(2490,11,3,'3','193',NULL,0,'2019-07-24 19:14:19','2019-07-24 19:14:19'),
(2491,11,3,'3','196',NULL,0,'2019-07-24 19:14:19','2019-07-24 19:14:19'),
(2492,11,3,'5','163',NULL,0,'2019-07-24 19:14:19','2019-07-24 19:14:19'),
(2493,11,3,'5','164',NULL,0,'2019-07-24 19:14:19','2019-07-24 19:14:19'),
(2494,11,3,'5','165',NULL,0,'2019-07-24 19:14:19','2019-07-24 19:14:19'),
(2495,11,3,'5','166',NULL,0,'2019-07-24 19:14:19','2019-07-24 19:14:19'),
(2496,11,3,'5','167',NULL,0,'2019-07-24 19:14:19','2019-07-24 19:14:19'),
(2497,11,3,'5','168',NULL,0,'2019-07-24 19:14:19','2019-07-24 19:14:19'),
(2498,11,3,'5','169',NULL,0,'2019-07-24 19:14:19','2019-07-24 19:14:19'),
(2499,11,3,'5','170',NULL,0,'2019-07-24 19:14:19','2019-07-24 19:14:19'),
(2500,11,3,'6','160',NULL,0,'2019-07-24 19:14:19','2019-07-24 19:14:19'),
(2501,11,3,'6','183',NULL,0,'2019-07-24 19:14:19','2019-07-24 19:14:19'),
(2502,11,3,'6','184',NULL,0,'2019-07-24 19:14:19','2019-07-24 19:14:19'),
(2503,11,3,'6','185',NULL,0,'2019-07-24 19:14:19','2019-07-24 19:14:19'),
(2504,11,3,'8','171',NULL,0,'2019-07-24 19:14:19','2019-07-24 19:14:19'),
(2505,11,3,'8','172',NULL,0,'2019-07-24 19:14:19','2019-07-24 19:14:19'),
(2506,11,3,'8','173',NULL,0,'2019-07-24 19:14:19','2019-07-24 19:14:19'),
(2507,11,3,'8','182',NULL,0,'2019-07-24 19:14:19','2019-07-24 19:14:19'),
(2508,11,3,'9','174',NULL,0,'2019-07-24 19:14:19','2019-07-24 19:14:19'),
(2509,11,3,'9','175',NULL,0,'2019-07-24 19:14:19','2019-07-24 19:14:19'),
(2510,11,3,'9','176',NULL,0,'2019-07-24 19:14:19','2019-07-24 19:14:19'),
(2511,11,3,'9','186',NULL,0,'2019-07-24 19:14:19','2019-07-24 19:14:19'),
(2512,11,3,'10','261',NULL,1,'2019-07-24 19:14:19','2019-07-24 19:14:19'),
(2513,11,3,'11','187',NULL,0,'2019-07-24 19:14:19','2019-07-24 19:14:19'),
(2514,11,3,'11','188',NULL,0,'2019-07-24 19:14:19','2019-07-24 19:14:19'),
(2515,11,3,'15','189',NULL,0,'2019-07-24 19:14:19','2019-07-24 19:14:19'),
(2516,11,3,'15','191',NULL,0,'2019-07-24 19:14:19','2019-07-24 19:14:19'),
(2517,11,3,'15','192',NULL,0,'2019-07-24 19:14:19','2019-07-24 19:14:19'),
(2518,11,3,'16','190',NULL,0,'2019-07-24 19:14:19','2019-07-24 19:14:19'),
(2519,11,3,'16','195',NULL,0,'2019-07-24 19:14:19','2019-07-24 19:14:19'),
(2520,11,3,'17','194',NULL,0,'2019-07-24 19:14:19','2019-07-24 19:14:19'),
(2521,13,4,'1','198',NULL,1,'2019-07-25 16:04:12','2019-07-25 12:57:27'),
(2522,13,4,'1','199',NULL,1,'2019-07-25 16:04:12','2019-07-25 12:57:27'),
(2523,13,4,'1','200',NULL,1,'2019-07-25 16:04:12','2019-07-25 12:57:27'),
(2524,13,4,'1','201',NULL,1,'2019-07-25 16:04:12','2019-07-25 12:57:27'),
(2525,13,4,'2','202',NULL,1,'2019-07-25 16:04:12','2019-07-25 12:57:27'),
(2526,13,4,'2','203',NULL,0,'2019-07-25 16:04:12','2019-07-25 12:57:27'),
(2527,13,4,'2','204',NULL,0,'2019-07-25 16:04:12','2019-07-25 12:57:27'),
(2528,13,4,'2','205',NULL,0,'2019-07-25 16:04:12','2019-07-25 12:57:27'),
(2529,13,4,'2','206',NULL,1,'2019-07-25 16:04:12','2019-07-25 12:57:27'),
(2530,13,4,'3','208',NULL,1,'2019-07-25 16:04:12','2019-07-25 12:57:27'),
(2531,13,4,'3','220',NULL,1,'2019-07-25 16:04:12','2019-07-25 12:57:27'),
(2532,13,4,'3','221',NULL,1,'2019-07-25 16:04:12','2019-07-25 12:57:27'),
(2533,13,4,'3','255',NULL,1,'2019-07-25 16:04:12','2019-07-25 12:57:27'),
(2534,13,4,'9','217',NULL,1,'2019-07-25 16:04:12','2019-07-25 12:57:27'),
(2535,13,4,'9','218',NULL,1,'2019-07-25 16:04:12','2019-07-25 12:57:27'),
(2536,13,4,'9','219',NULL,1,'2019-07-25 16:04:12','2019-07-25 12:57:27'),
(2537,13,4,'17','225',NULL,1,'2019-07-25 16:04:12','2019-07-25 12:57:27'),
(2538,13,4,'18','226',NULL,1,'2019-07-25 16:04:12','2019-07-25 12:57:27');

/*!40101 SET SQL_MODE=@OLD_SQL_MODE */;
/*!40014 SET FOREIGN_KEY_CHECKS=@OLD_FOREIGN_KEY_CHECKS */;
/*!40014 SET UNIQUE_CHECKS=@OLD_UNIQUE_CHECKS */;
/*!40111 SET SQL_NOTES=@OLD_SQL_NOTES */;
